folder,file,voice_type,speaker,category,emotion,text,line_id
Sound\Voice\StarfallSite.esp\SFVoiceKast\,SFDialogue_SFHello_00000AB9_1.fuz,SFVoiceKast,SFKast,greeting,Neutral,"Mind the cables. Some of them are load bearing, and none of them are labeled.",gr_kast_01
Sound\Voice\StarfallSite.esp\SFVoiceKast\,SFDialogue_SFHello_00000ABA_1.fuz,SFVoiceKast,SFKast,greeting,Neutral,"Ah. The visitor security keeps radioing about. Come, we should talk.",gr_kast_02
Sound\Voice\StarfallSite.esp\SFVoiceKast\,SFDialogue_SFHello_00000ABB_1.fuz,SFVoiceKast,SFKast,greeting,Surprise,That device on your back. I believe it still has our inventory number on it.,gr_kast_03
Sound\Voice\StarfallSite.esp\SFVoiceKast\,SFDialogue_SFHello_00000ABC_1.fuz,SFVoiceKast,SFKast,greeting,Neutral,Dr. Hale is in the Test Chamber. Follow the shouting.,gr_kast_04
Sound\Voice\StarfallSite.esp\SFVoiceKast\,SFDialogue_SFHello_00000ABD_1.fuz,SFVoiceKast,SFKast,greeting,Puzzled,"Rusk has been pacing again. If he asks you for anything, use discretion.",gr_kast_05
Sound\Voice\StarfallSite.esp\SFVoiceKast\,SFDialogue_SFHello_00000ABE_1.fuz,SFVoiceKast,SFKast,greeting,Neutral,"You have the look of someone who's been reading. Rusk's handwriting, I suppose.",gr_kast_06
Sound\Voice\StarfallSite.esp\SFVoiceKast\,SFDialogue_SFHello_00000ABF_1.fuz,SFVoiceKast,SFKast,greeting,Neutral,Clearance suits you. Try not to abuse it more than the rest of us do.,gr_kast_07
Sound\Voice\StarfallSite.esp\SFVoiceKast\,SFDialogue_SFHello_00000AC0_1.fuz,SFVoiceKast,SFKast,greeting,Neutral,Most of the staff sleep at this hour. I find the crater more honest at night.,gr_kast_08
Sound\Voice\StarfallSite.esp\SFVoiceHale\,SFDialogue_SFHello_00000AC1_1.fuz,SFVoiceHale,SFHale,greeting,Happy,"You hear that hum? That's the array. Beautiful, isn't it?",gr_hale_01
Sound\Voice\StarfallSite.esp\SFVoiceHale\,SFDialogue_SFHello_00000AC2_1.fuz,SFVoiceHale,SFHale,greeting,Happy,"My manipulator! You've been taking care of her? Don't answer, I can see the scorch marks.",gr_hale_02
Sound\Voice\StarfallSite.esp\SFVoiceHale\,SFDialogue_SFHello_00000AC3_1.fuz,SFVoiceHale,SFHale,greeting,Happy,How's the pull on her? Lifting carts yet? Tell me you've thrown a cow.,gr_hale_03
Sound\Voice\StarfallSite.esp\SFVoiceHale\,SFDialogue_SFHello_00000AC4_1.fuz,SFVoiceHale,SFHale,greeting,Neutral,"Kast sent you? Good. I need hands, and you have two.",gr_hale_04
Sound\Voice\StarfallSite.esp\SFVoiceHale\,SFDialogue_SFHello_00000AC5_1.fuz,SFVoiceHale,SFHale,greeting,Happy,"Those crystals sang beautifully. Rusk wants a word with you, by the way.",gr_hale_05
Sound\Voice\StarfallSite.esp\SFVoiceHale\,SFDialogue_SFHello_00000AC6_1.fuz,SFVoiceHale,SFHale,greeting,Happy,"Clearance, eh? Then I'm officially allowed to sell you dangerous things.",gr_hale_06
Sound\Voice\StarfallSite.esp\SFVoiceHale\,SFDialogue_SFHello_00000AC7_1.fuz,SFVoiceHale,SFHale,greeting,Puzzled,You'd look better holding a manipulator. Everyone would.,gr_hale_07
Sound\Voice\StarfallSite.esp\SFVoiceRusk\,SFDialogue_SFHello_00000AC8_1.fuz,SFVoiceRusk,SFRusk,greeting,Fear,Did you close the door behind you? Please tell me you closed the door.,gr_rusk_01
Sound\Voice\StarfallSite.esp\SFVoiceRusk\,SFDialogue_SFHello_00000AC9_1.fuz,SFVoiceRusk,SFRusk,greeting,Sad,Wash your hands before touching anything. And after. Especially after.,gr_rusk_02
Sound\Voice\StarfallSite.esp\SFVoiceRusk\,SFDialogue_SFHello_00000ACA_1.fuz,SFVoiceRusk,SFRusk,greeting,Neutral,Crystals for Hale? Wear gloves. They hum right through the skin.,gr_rusk_03
Sound\Voice\StarfallSite.esp\SFVoiceRusk\,SFDialogue_SFHello_00000ACB_1.fuz,SFVoiceRusk,SFRusk,greeting,Fear,You still have the keycard? Keep it out of sight. Kast notices things.,gr_rusk_04
Sound\Voice\StarfallSite.esp\SFVoiceRusk\,SFDialogue_SFHello_00000ACC_1.fuz,SFVoiceRusk,SFRusk,greeting,Sad,"I've told you everything. I feel lighter, and also terribly exposed.",gr_rusk_05
Sound\Voice\StarfallSite.esp\SFVoiceRusk\,SFDialogue_SFHello_00000ACD_1.fuz,SFVoiceRusk,SFRusk,greeting,Neutral,The truth is out. Strange. The air in here tastes cleaner.,gr_rusk_06
Sound\Voice\StarfallSite.esp\SFVoiceRusk\,SFDialogue_SFHello_00000ACE_1.fuz,SFVoiceRusk,SFRusk,greeting,Fear,I don't sleep much anymore. The vents make noises at night.,gr_rusk_07
Sound\Voice\StarfallSite.esp\SFVoiceVenn\,SFDialogue_SFHello_00000ACF_1.fuz,SFVoiceVenn,SFVenn,greeting,Anger,"If you came to report a broken thing, take a number. The number is also broken.",gr_venn_01
Sound\Voice\StarfallSite.esp\SFVoiceVenn\,SFDialogue_SFHello_00000AD0_1.fuz,SFVoiceVenn,SFVenn,greeting,Puzzled,Do you know where a man finds a decent wrench in this province? No? Nobody does.,gr_venn_02
Sound\Voice\StarfallSite.esp\SFVoiceVenn\,SFDialogue_SFHello_00000AD1_1.fuz,SFVoiceVenn,SFVenn,greeting,Neutral,Is that Hale's toy? Don't let him near it. He'll want to tune it.,gr_venn_03
Sound\Voice\StarfallSite.esp\SFVoiceVenn\,SFDialogue_SFHello_00000AD2_1.fuz,SFVoiceVenn,SFVenn,greeting,Neutral,Fetching crystals for Hale? Bring a spare. I need one for the lights.,gr_venn_04
Sound\Voice\StarfallSite.esp\SFVoiceVenn\,SFDialogue_SFHello_00000AD3_1.fuz,SFVoiceVenn,SFVenn,greeting,Sad,So it's all coming out about Wing B. I rewired those doors. Never asked why.,gr_venn_05
Sound\Voice\StarfallSite.esp\SFVoiceVenn\,SFDialogue_SFHello_00000AD4_1.fuz,SFVoiceVenn,SFVenn,greeting,Neutral,"Clearance means you can use the good lift. It still squeaks, mind you.",gr_venn_06
Sound\Voice\StarfallSite.esp\SFVoiceVenn\,SFDialogue_SFHello_00000AD5_1.fuz,SFVoiceVenn,SFVenn,greeting,Neutral,Sun's out. The solar collector will work for nearly an hour.,gr_venn_07
Sound\Voice\StarfallSite.esp\SFVoiceJunior1\,SFDialogue_SFHello_00000AD6_1.fuz,SFVoiceJunior1,SFPell,greeting,Fear,Oh! Sorry. I thought you were... sorry. Hello.,gr_pell_01
Sound\Voice\StarfallSite.esp\SFVoiceJunior1\,SFDialogue_SFHello_00000AD7_1.fuz,SFVoiceJunior1,SFPell,greeting,Sad,I haven't slept since Tirdas. Or the Tirdas before. Hard to say.,gr_pell_02
Sound\Voice\StarfallSite.esp\SFVoiceJunior1\,SFDialogue_SFHello_00000AD8_1.fuz,SFVoiceJunior1,SFPell,greeting,Fear,Looking for the Director? Up the stairs. Please don't tell him I'm on break.,gr_pell_03
Sound\Voice\StarfallSite.esp\SFVoiceJunior1\,SFDialogue_SFHello_00000AD9_1.fuz,SFVoiceJunior1,SFPell,greeting,Fear,"Is that the missing prototype? Could you point it somewhere else, please?",gr_pell_04
Sound\Voice\StarfallSite.esp\SFVoiceJunior1\,SFDialogue_SFHello_00000ADA_1.fuz,SFVoiceJunior1,SFPell,greeting,Fear,People are whispering about Wing B. I don't want to whisper. I want to be elsewhere.,gr_pell_05
Sound\Voice\StarfallSite.esp\SFVoiceJunior1\,SFDialogue_SFHello_00000ADB_1.fuz,SFVoiceJunior1,SFPell,greeting,Surprise,You confronted the Director and walked out? Impressive. Truly.,gr_pell_06
Sound\Voice\StarfallSite.esp\SFVoiceJunior2\,SFDialogue_SFHello_00000ADC_1.fuz,SFVoiceJunior2,SFHolt,greeting,Happy,Brennic Holt. Remember the name. It'll be on the Test Chamber door someday.,gr_holt_01
Sound\Voice\StarfallSite.esp\SFVoiceJunior2\,SFDialogue_SFHello_00000ADD_1.fuz,SFVoiceJunior2,SFHolt,greeting,Neutral,"If you're looking for real talent around here, you just found it.",gr_holt_02
Sound\Voice\StarfallSite.esp\SFVoiceJunior2\,SFDialogue_SFHello_00000ADE_1.fuz,SFVoiceJunior2,SFHolt,greeting,Neutral,"Hale's gun. Honestly, I'd have built it with a better grip.",gr_holt_03
Sound\Voice\StarfallSite.esp\SFVoiceJunior2\,SFDialogue_SFHello_00000ADF_1.fuz,SFVoiceJunior2,SFHolt,greeting,Neutral,Running errands for Hale? Starting at the bottom. I respect that.,gr_holt_04
Sound\Voice\StarfallSite.esp\SFVoiceJunior2\,SFDialogue_SFHello_00000AE0_1.fuz,SFVoiceJunior2,SFHolt,greeting,Happy,Rumor says Kast is in trouble. Shame. Promotions open up in times like these.,gr_holt_05
Sound\Voice\StarfallSite.esp\SFVoiceJunior2\,SFDialogue_SFHello_00000AE1_1.fuz,SFVoiceJunior2,SFHolt,greeting,Neutral,Clearance already? Fine. I'm only slightly jealous.,gr_holt_06
Sound\Voice\StarfallSite.esp\SFVoiceJunior3\,SFDialogue_SFHello_00000AE2_1.fuz,SFVoiceJunior3,SFMire,greeting,Happy,Good day. Have you read any local sagas? I'm halfway through one about a bear.,gr_mire_01
Sound\Voice\StarfallSite.esp\SFVoiceJunior3\,SFDialogue_SFHello_00000AE3_1.fuz,SFVoiceJunior3,SFMire,greeting,Sad,"Do the stars look the same where you're from? They don't, where I'm from.",gr_mire_02
Sound\Voice\StarfallSite.esp\SFVoiceJunior3\,SFDialogue_SFHello_00000AE4_1.fuz,SFVoiceJunior3,SFMire,greeting,Happy,Lovely morning. The Nords at the crater's edge waved at me today.,gr_mire_03
Sound\Voice\StarfallSite.esp\SFVoiceJunior3\,SFDialogue_SFHello_00000AE5_1.fuz,SFVoiceJunior3,SFMire,greeting,Neutral,You're new here. Welcome. Don't touch anything that glows green.,gr_mire_04
Sound\Voice\StarfallSite.esp\SFVoiceJunior3\,SFDialogue_SFHello_00000AE6_1.fuz,SFVoiceJunior3,SFMire,greeting,Puzzled,You carry that thing like a farmer carries a hoe. It's oddly comforting.,gr_mire_05
Sound\Voice\StarfallSite.esp\SFVoiceJunior3\,SFDialogue_SFHello_00000AE7_1.fuz,SFVoiceJunior3,SFMire,greeting,Sad,I knew some of the people in Wing B. Nobody would tell us anything.,gr_mire_06
Sound\Voice\StarfallSite.esp\SFVoiceMoran\,SFDialogue_SFHello_00000AE8_1.fuz,SFVoiceMoran,SFMoran,greeting,Neutral,Keep your hands where my officers can see them.,gr_moran_01
Sound\Voice\StarfallSite.esp\SFVoiceMoran\,SFDialogue_SFHello_00000AE9_1.fuz,SFVoiceMoran,SFMoran,greeting,Anger,"Another civilian. Wonderful. Don't touch the scientists, they bruise.",gr_moran_02
Sound\Voice\StarfallSite.esp\SFVoiceMoran\,SFDialogue_SFHello_00000AEA_1.fuz,SFVoiceMoran,SFMoran,greeting,Neutral,"Director's expecting you. Straight through, no detours.",gr_moran_03
Sound\Voice\StarfallSite.esp\SFVoiceMoran\,SFDialogue_SFHello_00000AEB_1.fuz,SFVoiceMoran,SFMoran,greeting,Neutral,Kast will want that back. Not my problem unless you point it at my people.,gr_moran_04
Sound\Voice\StarfallSite.esp\SFVoiceMoran\,SFDialogue_SFHello_00000AEC_1.fuz,SFVoiceMoran,SFMoran,greeting,Anger,Wing B. They sealed it on my shift and told me it was empty.,gr_moran_05
Sound\Voice\StarfallSite.esp\SFVoiceMoran\,SFDialogue_SFHello_00000AED_1.fuz,SFVoiceMoran,SFMoran,greeting,Neutral,Your clearance came through. Armory's open to you. Don't make me regret it.,gr_moran_06
Sound\Voice\StarfallSite.esp\SFVoiceMoran\,SFDialogue_SFHello_00000AEE_1.fuz,SFVoiceMoran,SFMoran,greeting,Neutral,Night shift. Keep your torch low and your voice lower.,gr_moran_07
Sound\Voice\StarfallSite.esp\SFVoiceGuardA\,SFDialogue_SFHello_00000AEF_1.fuz,SFVoiceGuardA,GuardA,greeting,Neutral,"Move along. Nothing to see. Well, plenty to see. Just don't.",gr_guardA_01
Sound\Voice\StarfallSite.esp\SFVoiceGuardA\,SFDialogue_SFHello_00000AF0_1.fuz,SFVoiceGuardA,GuardA,greeting,Sad,Six months in a crater. I used to have a window.,gr_guardA_02
Sound\Voice\StarfallSite.esp\SFVoiceGuardA\,SFDialogue_SFHello_00000AF1_1.fuz,SFVoiceGuardA,GuardA,greeting,Puzzled,"You from around here? Is it always this cold, or is it just us?",gr_guardA_03
Sound\Voice\StarfallSite.esp\SFVoiceGuardA\,SFDialogue_SFHello_00000AF2_1.fuz,SFVoiceGuardA,GuardA,greeting,Fear,Hear that? No? Good. Neither did I.,gr_guardA_04
Sound\Voice\StarfallSite.esp\SFVoiceGuardA\,SFDialogue_SFHello_00000AF3_1.fuz,SFVoiceGuardA,GuardA,greeting,Neutral,"The scientists break it, we shoot it. That's the arrangement.",gr_guardA_05
Sound\Voice\StarfallSite.esp\SFVoiceGuardA\,SFDialogue_SFHello_00000AF4_1.fuz,SFVoiceGuardA,GuardA,greeting,Disgust,Some Nord offered me a bottle of mead for my helmet. I almost said yes.,gr_guardA_06
Sound\Voice\StarfallSite.esp\SFVoiceGuardA\,SFDialogue_SFHello_00000AF5_1.fuz,SFVoiceGuardA,GuardA,greeting,Neutral,Careful with that manipulator. Last fellow who dropped one lost a toe.,gr_guardA_07
Sound\Voice\StarfallSite.esp\SFVoiceGuardA\,SFDialogue_SFHello_00000AF6_1.fuz,SFVoiceGuardA,GuardA,greeting,Neutral,Captain says you've got clearance. Doesn't mean I have to like it.,gr_guardA_08
Sound\Voice\StarfallSite.esp\SFVoiceGuardA\,SFDialogue_SFHello_00000AF7_1.fuz,SFVoiceGuardA,GuardA,greeting,Neutral,"If you see something with legs and no face, tell someone. Loudly.",gr_guardA_09
Sound\Voice\StarfallSite.esp\SFVoiceGuardA\,SFDialogue_SFHello_00000AF8_1.fuz,SFVoiceGuardA,GuardA,greeting,Neutral,"Sun's out. So it's only freezing, instead of very freezing.",gr_guardA_10
Sound\Voice\StarfallSite.esp\SFVoiceGuardB\,SFDialogue_SFHello_00000AF9_1.fuz,SFVoiceGuardB,GuardB,greeting,Neutral,Hey. Don't wander off the lit paths. We don't go there either.,gr_guardB_01
Sound\Voice\StarfallSite.esp\SFVoiceGuardB\,SFDialogue_SFHello_00000AFA_1.fuz,SFVoiceGuardB,GuardB,greeting,Sad,I'd give a week's pay for a proper hot meal. Everything here is soup.,gr_guardB_02
Sound\Voice\StarfallSite.esp\SFVoiceGuardB\,SFDialogue_SFHello_00000AFB_1.fuz,SFVoiceGuardB,GuardB,greeting,Fear,Was that a dragon earlier? Tell me that wasn't a dragon.,gr_guardB_03
Sound\Voice\StarfallSite.esp\SFVoiceGuardB\,SFDialogue_SFHello_00000AFC_1.fuz,SFVoiceGuardB,GuardB,greeting,Neutral,The scientists say it's safe. The scientists said that last time.,gr_guardB_04
Sound\Voice\StarfallSite.esp\SFVoiceGuardB\,SFDialogue_SFHello_00000AFD_1.fuz,SFVoiceGuardB,GuardB,greeting,Sad,Heard the truth about Wing B. Makes you wonder who's next on the list.,gr_guardB_05
Sound\Voice\StarfallSite.esp\SFVoiceGuardB\,SFDialogue_SFHello_00000AFE_1.fuz,SFVoiceGuardB,GuardB,greeting,Anger,Twelve hour shifts and the pay comes in promises. Living the dream.,gr_guardB_06
Sound\Voice\StarfallSite.esp\SFVoiceGuardB\,SFDialogue_SFHello_00000AFF_1.fuz,SFVoiceGuardB,GuardB,greeting,Neutral,Quiet night. I hate quiet nights.,gr_guardB_07
Sound\Voice\StarfallSite.esp\SFVoiceGuardB\,SFDialogue_SFHello_00000B00_1.fuz,SFVoiceGuardB,GuardB,greeting,Puzzled,A giant walked past the fence yesterday. Didn't even look at us. Rude.,gr_guardB_08
Sound\Voice\StarfallSite.esp\SFVoiceGuardB\,SFDialogue_SFHello_00000B01_1.fuz,SFVoiceGuardB,GuardB,greeting,Surprise,Is that Hale's gun? Does the Captain know you have that?,gr_guardB_09
Sound\Voice\StarfallSite.esp\SFVoiceGuardB\,SFDialogue_SFHello_00000B02_1.fuz,SFVoiceGuardB,GuardB,greeting,Neutral,Checkpoint's that way. Keep your weapon sheathed and your manners polite.,gr_guardB_10
Sound\Voice\StarfallSite.esp\SFVoiceKast\,SFDialogue_SFIdle_00000B04_1.fuz,SFVoiceKast,SFKast,idle,Neutral,Variance at four percent. Acceptable. Probably.,id_kast_01
Sound\Voice\StarfallSite.esp\SFVoiceKast\,SFDialogue_SFIdle_00000B05_1.fuz,SFVoiceKast,SFKast,idle,Anger,Someone has moved my chair. Again.,id_kast_02
Sound\Voice\StarfallSite.esp\SFVoiceKast\,SFDialogue_SFIdle_00000B06_1.fuz,SFVoiceKast,SFKast,idle,Neutral,The Directorate expects results. The Directorate is also very far away.,id_kast_03
Sound\Voice\StarfallSite.esp\SFVoiceKast\,SFDialogue_SFIdle_00000B07_1.fuz,SFVoiceKast,SFKast,idle,Puzzled,Remarkable stone. Utterly indifferent to our deadlines.,id_kast_04
Sound\Voice\StarfallSite.esp\SFVoiceKast\,SFDialogue_SFIdle_00000B08_1.fuz,SFVoiceKast,SFKast,idle,Anger,"If Hale pushes that array once more without asking, he'll be counting rivets.",id_kast_05
Sound\Voice\StarfallSite.esp\SFVoiceHale\,SFDialogue_SFIdle_00000B09_1.fuz,SFVoiceHale,SFHale,idle,Happy,"Come on, sweetheart, give me ten more percent.",id_hale_01
Sound\Voice\StarfallSite.esp\SFVoiceHale\,SFDialogue_SFIdle_00000B0A_1.fuz,SFVoiceHale,SFHale,idle,Anger,Who keeps unplugging the capacitor? I know it's Venn.,id_hale_02
Sound\Voice\StarfallSite.esp\SFVoiceHale\,SFDialogue_SFIdle_00000B0B_1.fuz,SFVoiceHale,SFHale,idle,Happy,"Gravity's just a suggestion, if you ask it nicely.",id_hale_03
Sound\Voice\StarfallSite.esp\SFVoiceHale\,SFDialogue_SFIdle_00000B0C_1.fuz,SFVoiceHale,SFHale,idle,Neutral,One more test. Just one more. Then lunch.,id_hale_04
Sound\Voice\StarfallSite.esp\SFVoiceHale\,SFDialogue_SFIdle_00000B0D_1.fuz,SFVoiceHale,SFHale,idle,Sad,I need more crystals. I always need more crystals.,id_hale_05
Sound\Voice\StarfallSite.esp\SFVoiceRusk\,SFDialogue_SFIdle_00000B0E_1.fuz,SFVoiceRusk,SFRusk,idle,Fear,The specimen moved again. It isn't supposed to do that.,id_rusk_01
Sound\Voice\StarfallSite.esp\SFVoiceRusk\,SFDialogue_SFIdle_00000B0F_1.fuz,SFVoiceRusk,SFRusk,idle,Sad,Note to self: stop naming the headcrabs.,id_rusk_02
Sound\Voice\StarfallSite.esp\SFVoiceRusk\,SFDialogue_SFIdle_00000B10_1.fuz,SFVoiceRusk,SFRusk,idle,Puzzled,"Dosage, dosage... where did I write the dosage?",id_rusk_03
Sound\Voice\StarfallSite.esp\SFVoiceRusk\,SFDialogue_SFIdle_00000B11_1.fuz,SFVoiceRusk,SFRusk,idle,Fear,Something scratched the vent last night. I'm sure of it.,id_rusk_04
Sound\Voice\StarfallSite.esp\SFVoiceRusk\,SFDialogue_SFIdle_00000B12_1.fuz,SFVoiceRusk,SFRusk,idle,Sad,Nobody listens until it's too late. Then everybody listens.,id_rusk_05
Sound\Voice\StarfallSite.esp\SFVoiceVenn\,SFDialogue_SFIdle_00000B13_1.fuz,SFVoiceVenn,SFVenn,idle,Anger,My kingdom for a roll of proper tape.,id_venn_01
Sound\Voice\StarfallSite.esp\SFVoiceVenn\,SFDialogue_SFIdle_00000B14_1.fuz,SFVoiceVenn,SFVenn,idle,Puzzled,These locals forge swords like artists and can't make a single screw.,id_venn_02
Sound\Voice\StarfallSite.esp\SFVoiceVenn\,SFDialogue_SFIdle_00000B15_1.fuz,SFVoiceVenn,SFVenn,idle,Fear,Generator two is humming in a key I don't like.,id_venn_03
Sound\Voice\StarfallSite.esp\SFVoiceVenn\,SFDialogue_SFIdle_00000B16_1.fuz,SFVoiceVenn,SFVenn,idle,Neutral,"If it sparks, it's fine. If it stops sparking, run.",id_venn_04
Sound\Voice\StarfallSite.esp\SFVoiceVenn\,SFDialogue_SFIdle_00000B17_1.fuz,SFVoiceVenn,SFVenn,idle,Anger,I fixed that yesterday. Why is it broken? Who touched it?,id_venn_05
Sound\Voice\StarfallSite.esp\SFVoiceJunior1\,SFDialogue_SFIdle_00000B18_1.fuz,SFVoiceJunior1,SFPell,idle,Sad,"Calibrate, log, calibrate, log... I dream in logs now.",id_pell_01
Sound\Voice\StarfallSite.esp\SFVoiceJunior1\,SFDialogue_SFIdle_00000B19_1.fuz,SFVoiceJunior1,SFPell,idle,Fear,Was that a noise? That was definitely a noise.,id_pell_02
Sound\Voice\StarfallSite.esp\SFVoiceJunior1\,SFDialogue_SFIdle_00000B1A_1.fuz,SFVoiceJunior1,SFPell,idle,Happy,"Please work. Please work. Oh good, it worked.",id_pell_03
Sound\Voice\StarfallSite.esp\SFVoiceJunior1\,SFDialogue_SFIdle_00000B1B_1.fuz,SFVoiceJunior1,SFPell,idle,Sad,I should have stayed in theoretical studies.,id_pell_04
Sound\Voice\StarfallSite.esp\SFVoiceJunior1\,SFDialogue_SFIdle_00000B1C_1.fuz,SFVoiceJunior1,SFPell,idle,Anger,Holt took credit for my numbers again. Of course he did.,id_pell_05
Sound\Voice\StarfallSite.esp\SFVoiceJunior2\,SFDialogue_SFIdle_00000B1D_1.fuz,SFVoiceJunior2,SFHolt,idle,Happy,Senior Researcher Holt. Has a nice ring to it.,id_holt_01
Sound\Voice\StarfallSite.esp\SFVoiceJunior2\,SFDialogue_SFIdle_00000B1E_1.fuz,SFVoiceJunior2,SFHolt,idle,Disgust,Hale's methods are sloppy. I'd have finished this weeks ago.,id_holt_02
Sound\Voice\StarfallSite.esp\SFVoiceJunior2\,SFDialogue_SFIdle_00000B1F_1.fuz,SFVoiceJunior2,SFHolt,idle,Anger,Where are those readings? Does anyone here work except me?,id_holt_03
Sound\Voice\StarfallSite.esp\SFVoiceJunior2\,SFDialogue_SFIdle_00000B20_1.fuz,SFVoiceJunior2,SFHolt,idle,Neutral,"If I'd built the manipulator, it would fold up for travel.",id_holt_04
Sound\Voice\StarfallSite.esp\SFVoiceJunior2\,SFDialogue_SFIdle_00000B21_1.fuz,SFVoiceJunior2,SFHolt,idle,Neutral,Note: pitch my idea to the Director. Before Hale steals it.,id_holt_05
Sound\Voice\StarfallSite.esp\SFVoiceJunior3\,SFDialogue_SFIdle_00000B22_1.fuz,SFVoiceJunior3,SFMire,idle,Puzzled,"Ysgramor sailed from Atmora, and nobody wrote down why he left. Same as us.",id_mire_01
Sound\Voice\StarfallSite.esp\SFVoiceJunior3\,SFDialogue_SFIdle_00000B23_1.fuz,SFVoiceJunior3,SFMire,idle,Puzzled,Sweetrolls. I still don't know what makes them so sweet. I've asked.,id_mire_02
Sound\Voice\StarfallSite.esp\SFVoiceJunior3\,SFDialogue_SFIdle_00000B24_1.fuz,SFVoiceJunior3,SFMire,idle,Sad,I wonder what my sister is doing right now.,id_mire_03
Sound\Voice\StarfallSite.esp\SFVoiceJunior3\,SFDialogue_SFIdle_00000B25_1.fuz,SFVoiceJunior3,SFMire,idle,Happy,The innkeeper in Riverwood called me 'friend.' Nice word.,id_mire_04
Sound\Voice\StarfallSite.esp\SFVoiceJunior3\,SFDialogue_SFIdle_00000B26_1.fuz,SFVoiceJunior3,SFMire,idle,Sad,Nords sing when they're sad. Maybe I should try that.,id_mire_05
Sound\Voice\StarfallSite.esp\SFVoiceMoran\,SFDialogue_SFIdle_00000B27_1.fuz,SFVoiceMoran,SFMoran,idle,Neutral,Eyes up. Something's always watching from that ridge.,id_moran_01
Sound\Voice\StarfallSite.esp\SFVoiceMoran\,SFDialogue_SFIdle_00000B28_1.fuz,SFVoiceMoran,SFMoran,idle,Anger,Somebody's armor isn't regulation. I'll find you.,id_moran_02
Sound\Voice\StarfallSite.esp\SFVoiceMoran\,SFDialogue_SFIdle_00000B29_1.fuz,SFVoiceMoran,SFMoran,idle,Disgust,Scientists. Can't protect them from themselves.,id_moran_03
Sound\Voice\StarfallSite.esp\SFVoiceMoran\,SFDialogue_SFIdle_00000B2A_1.fuz,SFVoiceMoran,SFMoran,idle,Neutral,Fence line held last night. Small miracles.,id_moran_04
Sound\Voice\StarfallSite.esp\SFVoiceMoran\,SFDialogue_SFIdle_00000B2B_1.fuz,SFVoiceMoran,SFMoran,idle,Anger,Who left the canister bay unlocked? I'll find out.,id_moran_05
Sound\Voice\StarfallSite.esp\SFVoiceGuardA\,SFDialogue_SFIdle_00000B2C_1.fuz,SFVoiceGuardA,GuardA,idle,Sad,Fourteen hours on. Ten to go. Lovely.,id_guardA_01
Sound\Voice\StarfallSite.esp\SFVoiceGuardA\,SFDialogue_SFIdle_00000B2D_1.fuz,SFVoiceGuardA,GuardA,idle,Puzzled,I swear that rock just moved.,id_guardA_02
Sound\Voice\StarfallSite.esp\SFVoiceGuardA\,SFDialogue_SFIdle_00000B2E_1.fuz,SFVoiceGuardA,GuardA,idle,Puzzled,Who decided white coats were a good idea in a crater?,id_guardA_03
Sound\Voice\StarfallSite.esp\SFVoiceGuardA\,SFDialogue_SFIdle_00000B2F_1.fuz,SFVoiceGuardA,GuardA,idle,Anger,"If one more scientist calls me 'officer person,' I'm quitting.",id_guardA_04
Sound\Voice\StarfallSite.esp\SFVoiceGuardA\,SFDialogue_SFIdle_00000B30_1.fuz,SFVoiceGuardA,GuardA,idle,Disgust,Smells like ozone and wet dog. Every single day.,id_guardA_05
Sound\Voice\StarfallSite.esp\SFVoiceGuardA\,SFDialogue_SFIdle_00000B31_1.fuz,SFVoiceGuardA,GuardA,idle,Sad,Wish I'd brought a warmer coat. Or a warmer world.,id_guardA_06
Sound\Voice\StarfallSite.esp\SFVoiceGuardA\,SFDialogue_SFIdle_00000B32_1.fuz,SFVoiceGuardA,GuardA,idle,Neutral,Note to self: never volunteer for anything ever again.,id_guardA_07
Sound\Voice\StarfallSite.esp\SFVoiceGuardA\,SFDialogue_SFIdle_00000B33_1.fuz,SFVoiceGuardA,GuardA,idle,Neutral,That's the third canister this week. Who's counting? Me.,id_guardA_08
Sound\Voice\StarfallSite.esp\SFVoiceGuardA\,SFDialogue_SFIdle_00000B34_1.fuz,SFVoiceGuardA,GuardA,idle,Happy,Somewhere a bard is singing about me. Probably badly.,id_guardA_09
Sound\Voice\StarfallSite.esp\SFVoiceGuardA\,SFDialogue_SFIdle_00000B35_1.fuz,SFVoiceGuardA,GuardA,idle,Fear,Quiet. Too quiet. I hate it when I say that.,id_guardA_10
Sound\Voice\StarfallSite.esp\SFVoiceGuardB\,SFDialogue_SFIdle_00000B36_1.fuz,SFVoiceGuardB,GuardB,idle,Fear,Whistling past the crater. Totally calm. Totally fine.,id_guardB_01
Sound\Voice\StarfallSite.esp\SFVoiceGuardB\,SFDialogue_SFIdle_00000B37_1.fuz,SFVoiceGuardB,GuardB,idle,Sad,Remember when the worst job was gate duty? Still is.,id_guardB_02
Sound\Voice\StarfallSite.esp\SFVoiceGuardB\,SFDialogue_SFIdle_00000B38_1.fuz,SFVoiceGuardB,GuardB,idle,Puzzled,The locals think we're mages. I've stopped correcting them.,id_guardB_03
Sound\Voice\StarfallSite.esp\SFVoiceGuardB\,SFDialogue_SFIdle_00000B39_1.fuz,SFVoiceGuardB,GuardB,idle,Disgust,My boots haven't been dry since the day we got here.,id_guardB_04
Sound\Voice\StarfallSite.esp\SFVoiceGuardB\,SFDialogue_SFIdle_00000B3A_1.fuz,SFVoiceGuardB,GuardB,idle,Disgust,"Headcrab in the mess hall again? No, wait. Just the stew.",id_guardB_05
Sound\Voice\StarfallSite.esp\SFVoiceGuardB\,SFDialogue_SFIdle_00000B3B_1.fuz,SFVoiceGuardB,GuardB,idle,Neutral,"Hey, crater. Do something interesting. Actually, don't.",id_guardB_06
Sound\Voice\StarfallSite.esp\SFVoiceGuardB\,SFDialogue_SFIdle_00000B3C_1.fuz,SFVoiceGuardB,GuardB,idle,Sad,I could use a drink. Not mead. Anything but mead.,id_guardB_07
Sound\Voice\StarfallSite.esp\SFVoiceGuardB\,SFDialogue_SFIdle_00000B3D_1.fuz,SFVoiceGuardB,GuardB,idle,Anger,One more patrol and I'm sitting down. Captain or no Captain.,id_guardB_08
Sound\Voice\StarfallSite.esp\SFVoiceGuardB\,SFDialogue_SFIdle_00000B3E_1.fuz,SFVoiceGuardB,GuardB,idle,Fear,Saw a fox chewing on a crystal. Fox seemed fine. I'm worried.,id_guardB_09
Sound\Voice\StarfallSite.esp\SFVoiceGuardB\,SFDialogue_SFIdle_00000B3F_1.fuz,SFVoiceGuardB,GuardB,idle,Anger,Somebody tell that generator to stop groaning.,id_guardB_10
Sound\Voice\StarfallSite.esp\SFVoiceGuardA\,SFDialogue_SFCbAttack_00000B41_1.fuz,SFVoiceGuardA,GuardA,combat:Attack,Anger,Stay down!,cb_guardA_01
Sound\Voice\StarfallSite.esp\SFVoiceGuardA\,SFDialogue_SFCbAttack_00000B42_1.fuz,SFVoiceGuardA,GuardA,combat:Attack,Anger,Back to the Hollow with you!,cb_guardA_02
Sound\Voice\StarfallSite.esp\SFVoiceGuardA\,SFDialogue_SFCbAttack_00000B43_1.fuz,SFVoiceGuardA,GuardA,combat:Attack,Anger,Hit it! Hit it again!,cb_guardA_03
Sound\Voice\StarfallSite.esp\SFVoiceGuardB\,SFDialogue_SFCbAttack_00000B44_1.fuz,SFVoiceGuardB,GuardB,combat:Attack,Anger,Go back where you came from!,cb_guardB_01
Sound\Voice\StarfallSite.esp\SFVoiceGuardB\,SFDialogue_SFCbAttack_00000B45_1.fuz,SFVoiceGuardB,GuardB,combat:Attack,Anger,Keep it pinned!,cb_guardB_02
Sound\Voice\StarfallSite.esp\SFVoiceGuardB\,SFDialogue_SFCbAttack_00000B46_1.fuz,SFVoiceGuardB,GuardB,combat:Attack,Anger,Down you go!,cb_guardB_03
Sound\Voice\StarfallSite.esp\SFVoiceMoran\,SFDialogue_SFCbAttack_00000B47_1.fuz,SFVoiceMoran,SFMoran,combat:Attack,Anger,Put it down and keep it down!,cb_moran_01
Sound\Voice\StarfallSite.esp\SFVoiceMoran\,SFDialogue_SFCbAttack_00000B48_1.fuz,SFVoiceMoran,SFMoran,combat:Attack,Anger,"Hit it hard, people!",cb_moran_02
Sound\Voice\StarfallSite.esp\SFVoiceMoran\,SFDialogue_SFCbAttack_00000B49_1.fuz,SFVoiceMoran,SFMoran,combat:Attack,Anger,Not on my watch!,cb_moran_03
Sound\Voice\StarfallSite.esp\SFVoiceGuardA\,SFDialogue_SFCbHit_00000B4B_1.fuz,SFVoiceGuardA,GuardA,combat:Hit,Anger,Argh! I'm hit!,cb_guardA_04
Sound\Voice\StarfallSite.esp\SFVoiceGuardA\,SFDialogue_SFCbHit_00000B4C_1.fuz,SFVoiceGuardA,GuardA,combat:Hit,Anger,It bit me! It actually bit me!,cb_guardA_05
Sound\Voice\StarfallSite.esp\SFVoiceGuardA\,SFDialogue_SFCbHit_00000B4D_1.fuz,SFVoiceGuardA,GuardA,combat:Hit,Anger,"Ugh, that'll leave a mark.",cb_guardA_06
Sound\Voice\StarfallSite.esp\SFVoiceGuardB\,SFDialogue_SFCbHit_00000B4E_1.fuz,SFVoiceGuardB,GuardB,combat:Hit,Anger,Gah! It got my arm!,cb_guardB_04
Sound\Voice\StarfallSite.esp\SFVoiceGuardB\,SFDialogue_SFCbHit_00000B4F_1.fuz,SFVoiceGuardB,GuardB,combat:Hit,Anger,Ow! Watch it!,cb_guardB_05
Sound\Voice\StarfallSite.esp\SFVoiceGuardB\,SFDialogue_SFCbHit_00000B50_1.fuz,SFVoiceGuardB,GuardB,combat:Hit,Anger,"Ugh, I felt that through the armor.",cb_guardB_06
Sound\Voice\StarfallSite.esp\SFVoiceMoran\,SFDialogue_SFCbHit_00000B51_1.fuz,SFVoiceMoran,SFMoran,combat:Hit,Anger,That all you've got?,cb_moran_04
Sound\Voice\StarfallSite.esp\SFVoiceMoran\,SFDialogue_SFCbHit_00000B52_1.fuz,SFVoiceMoran,SFMoran,combat:Hit,Anger,Gah! Hold the line!,cb_moran_05
Sound\Voice\StarfallSite.esp\SFVoiceMoran\,SFDialogue_SFCbHit_00000B53_1.fuz,SFVoiceMoran,SFMoran,combat:Hit,Anger,Just a scratch. Keep fighting!,cb_moran_06
Sound\Voice\StarfallSite.esp\SFVoiceKast\,SFDialogue_SFCbHit_00000B54_1.fuz,SFVoiceKast,SFKast,combat:Hit,Fear,Ugh! Unacceptable!,cb_kast_03
Sound\Voice\StarfallSite.esp\SFVoiceKast\,SFDialogue_SFCbHit_00000B55_1.fuz,SFVoiceKast,SFKast,combat:Hit,Fear,My arm... ugh.,cb_kast_04
Sound\Voice\StarfallSite.esp\SFVoiceHale\,SFDialogue_SFCbHit_00000B56_1.fuz,SFVoiceHale,SFHale,combat:Hit,Fear,"Ow! Okay, that one hurt!",cb_hale_03
Sound\Voice\StarfallSite.esp\SFVoiceHale\,SFDialogue_SFCbHit_00000B57_1.fuz,SFVoiceHale,SFHale,combat:Hit,Fear,"Ugh, right in the ribs!",cb_hale_04
Sound\Voice\StarfallSite.esp\SFVoiceRusk\,SFDialogue_SFCbHit_00000B58_1.fuz,SFVoiceRusk,SFRusk,combat:Hit,Fear,Ah! Don't let it bite!,cb_rusk_03
Sound\Voice\StarfallSite.esp\SFVoiceRusk\,SFDialogue_SFCbHit_00000B59_1.fuz,SFVoiceRusk,SFRusk,combat:Hit,Fear,I'm hurt... where are my gloves?,cb_rusk_04
Sound\Voice\StarfallSite.esp\SFVoiceVenn\,SFDialogue_SFCbHit_00000B5A_1.fuz,SFVoiceVenn,SFVenn,combat:Hit,Fear,"Ow! Watch the hands, I need those!",cb_venn_03
Sound\Voice\StarfallSite.esp\SFVoiceVenn\,SFDialogue_SFCbHit_00000B5B_1.fuz,SFVoiceVenn,SFVenn,combat:Hit,Fear,Ugh. Worse than a live wire.,cb_venn_04
Sound\Voice\StarfallSite.esp\SFVoiceJunior1\,SFDialogue_SFCbHit_00000B5C_1.fuz,SFVoiceJunior1,SFPell,combat:Hit,Fear,Aah! It got me!,cb_pell_03
Sound\Voice\StarfallSite.esp\SFVoiceJunior1\,SFDialogue_SFCbHit_00000B5D_1.fuz,SFVoiceJunior1,SFPell,combat:Hit,Fear,"Ow, ow, ow!",cb_pell_04
Sound\Voice\StarfallSite.esp\SFVoiceJunior2\,SFDialogue_SFCbHit_00000B5E_1.fuz,SFVoiceJunior2,SFHolt,combat:Hit,Fear,Hey! I'm important!,cb_holt_03
Sound\Voice\StarfallSite.esp\SFVoiceJunior2\,SFDialogue_SFCbHit_00000B5F_1.fuz,SFVoiceJunior2,SFHolt,combat:Hit,Fear,"Ugh, this coat was new!",cb_holt_04
Sound\Voice\StarfallSite.esp\SFVoiceJunior3\,SFDialogue_SFCbHit_00000B60_1.fuz,SFVoiceJunior3,SFMire,combat:Hit,Fear,Oh! That stings!,cb_mire_03
Sound\Voice\StarfallSite.esp\SFVoiceJunior3\,SFDialogue_SFCbHit_00000B61_1.fuz,SFVoiceJunior3,SFMire,combat:Hit,Fear,"Please, stop!",cb_mire_04
Sound\Voice\StarfallSite.esp\SFVoiceGuardA\,SFDialogue_SFCbAlertToComb_00000B63_1.fuz,SFVoiceGuardA,GuardA,combat:AlertToCombat,Fear,Headcrab! Headcrab!,cb_guardA_07
Sound\Voice\StarfallSite.esp\SFVoiceGuardA\,SFDialogue_SFCbAlertToComb_00000B64_1.fuz,SFVoiceGuardA,GuardA,combat:AlertToCombat,Fear,Contact! Weapons up!,cb_guardA_08
Sound\Voice\StarfallSite.esp\SFVoiceGuardA\,SFDialogue_SFCbAlertToComb_00000B65_1.fuz,SFVoiceGuardA,GuardA,combat:AlertToCombat,Fear,Zombie at the fence!,cb_guardA_09
Sound\Voice\StarfallSite.esp\SFVoiceGuardB\,SFDialogue_SFCbAlertToComb_00000B66_1.fuz,SFVoiceGuardB,GuardB,combat:AlertToCombat,Fear,Movement! Weapons free!,cb_guardB_07
Sound\Voice\StarfallSite.esp\SFVoiceGuardB\,SFDialogue_SFCbAlertToComb_00000B67_1.fuz,SFVoiceGuardB,GuardB,combat:AlertToCombat,Fear,Headcrab on the floor!,cb_guardB_08
Sound\Voice\StarfallSite.esp\SFVoiceGuardB\,SFDialogue_SFCbAlertToComb_00000B68_1.fuz,SFVoiceGuardB,GuardB,combat:AlertToCombat,Fear,Zombie! It's a zombie!,cb_guardB_09
Sound\Voice\StarfallSite.esp\SFVoiceMoran\,SFDialogue_SFCbAlertToComb_00000B69_1.fuz,SFVoiceMoran,SFMoran,combat:AlertToCombat,Anger,Contact! Form up on me!,cb_moran_07
Sound\Voice\StarfallSite.esp\SFVoiceMoran\,SFDialogue_SFCbAlertToComb_00000B6A_1.fuz,SFVoiceMoran,SFMoran,combat:AlertToCombat,Anger,Hostiles inside the fence!,cb_moran_08
Sound\Voice\StarfallSite.esp\SFVoiceMoran\,SFDialogue_SFCbAlertToComb_00000B6B_1.fuz,SFVoiceMoran,SFMoran,combat:AlertToCombat,Anger,Headcrabs! Protect the scientists!,cb_moran_09
Sound\Voice\StarfallSite.esp\SFVoiceKast\,SFDialogue_SFCbAlertToComb_00000B6C_1.fuz,SFVoiceKast,SFKast,combat:AlertToCombat,Fear,"Security! To the lab, now!",cb_kast_01
Sound\Voice\StarfallSite.esp\SFVoiceKast\,SFDialogue_SFCbAlertToComb_00000B6D_1.fuz,SFVoiceKast,SFKast,combat:AlertToCombat,Fear,Contain it! Someone contain it!,cb_kast_02
Sound\Voice\StarfallSite.esp\SFVoiceHale\,SFDialogue_SFCbAlertToComb_00000B6E_1.fuz,SFVoiceHale,SFHale,combat:AlertToCombat,Fear,"Oh, that's a big one! Where's my manipulator?",cb_hale_01
Sound\Voice\StarfallSite.esp\SFVoiceHale\,SFDialogue_SFCbAlertToComb_00000B6F_1.fuz,SFVoiceHale,SFHale,combat:AlertToCombat,Fear,Incoming! Somebody fire something!,cb_hale_02
Sound\Voice\StarfallSite.esp\SFVoiceRusk\,SFDialogue_SFCbAlertToComb_00000B70_1.fuz,SFVoiceRusk,SFRusk,combat:AlertToCombat,Fear,"No, no, no, it's loose!",cb_rusk_01
Sound\Voice\StarfallSite.esp\SFVoiceRusk\,SFDialogue_SFCbAlertToComb_00000B71_1.fuz,SFVoiceRusk,SFRusk,combat:AlertToCombat,Fear,Headcrab! Cover your heads!,cb_rusk_02
Sound\Voice\StarfallSite.esp\SFVoiceVenn\,SFDialogue_SFCbAlertToComb_00000B72_1.fuz,SFVoiceVenn,SFVenn,combat:AlertToCombat,Fear,"Oh, great. Something else to fix.",cb_venn_01
Sound\Voice\StarfallSite.esp\SFVoiceVenn\,SFDialogue_SFCbAlertToComb_00000B73_1.fuz,SFVoiceVenn,SFVenn,combat:AlertToCombat,Fear,Security! We've got company!,cb_venn_02
Sound\Voice\StarfallSite.esp\SFVoiceJunior1\,SFDialogue_SFCbAlertToComb_00000B74_1.fuz,SFVoiceJunior1,SFPell,combat:AlertToCombat,Fear,It's here! It's here!,cb_pell_01
Sound\Voice\StarfallSite.esp\SFVoiceJunior1\,SFDialogue_SFCbAlertToComb_00000B75_1.fuz,SFVoiceJunior1,SFPell,combat:AlertToCombat,Fear,"Help! Somebody, anybody!",cb_pell_02
Sound\Voice\StarfallSite.esp\SFVoiceJunior2\,SFDialogue_SFCbAlertToComb_00000B76_1.fuz,SFVoiceJunior2,SFHolt,combat:AlertToCombat,Fear,Security! Earn your pay!,cb_holt_01
Sound\Voice\StarfallSite.esp\SFVoiceJunior2\,SFDialogue_SFCbAlertToComb_00000B77_1.fuz,SFVoiceJunior2,SFHolt,combat:AlertToCombat,Fear,Get it away from the equipment!,cb_holt_02
Sound\Voice\StarfallSite.esp\SFVoiceJunior3\,SFDialogue_SFCbAlertToComb_00000B78_1.fuz,SFVoiceJunior3,SFMire,combat:AlertToCombat,Fear,"By the Nine! That's what they say, right? By the Nine!",cb_mire_01
Sound\Voice\StarfallSite.esp\SFVoiceJunior3\,SFDialogue_SFCbAlertToComb_00000B79_1.fuz,SFVoiceJunior3,SFMire,combat:AlertToCombat,Fear,Oh no. Guards! Guards!,cb_mire_02
Sound\Voice\StarfallSite.esp\SFVoiceGuardA\,SFDialogue_SFCbCombatToNor_00000B7B_1.fuz,SFVoiceGuardA,GuardA,combat:CombatToNormal,Neutral,Clear. I think. Check it twice.,cb_guardA_10
Sound\Voice\StarfallSite.esp\SFVoiceGuardA\,SFDialogue_SFCbCombatToNor_00000B7C_1.fuz,SFVoiceGuardA,GuardA,combat:CombatToNormal,Neutral,That's done. Somebody log it.,cb_guardA_11
Sound\Voice\StarfallSite.esp\SFVoiceGuardA\,SFDialogue_SFCbCombatToNor_00000B7D_1.fuz,SFVoiceGuardA,GuardA,combat:CombatToNormal,Neutral,Area secure. For now.,cb_guardA_12
Sound\Voice\StarfallSite.esp\SFVoiceGuardB\,SFDialogue_SFCbCombatToNor_00000B7E_1.fuz,SFVoiceGuardB,GuardB,combat:CombatToNormal,Neutral,Clear. Somebody check my helmet for crabs.,cb_guardB_10
Sound\Voice\StarfallSite.esp\SFVoiceGuardB\,SFDialogue_SFCbCombatToNor_00000B7F_1.fuz,SFVoiceGuardB,GuardB,combat:CombatToNormal,Neutral,That's the last of them. Hopefully.,cb_guardB_11
Sound\Voice\StarfallSite.esp\SFVoiceGuardB\,SFDialogue_SFCbCombatToNor_00000B80_1.fuz,SFVoiceGuardB,GuardB,combat:CombatToNormal,Neutral,Okay. Breathe. We're fine.,cb_guardB_12
Sound\Voice\StarfallSite.esp\SFVoiceMoran\,SFDialogue_SFCbCombatToNor_00000B81_1.fuz,SFVoiceMoran,SFMoran,combat:CombatToNormal,Neutral,Area clear. Report injuries.,cb_moran_10
Sound\Voice\StarfallSite.esp\SFVoiceMoran\,SFDialogue_SFCbCombatToNor_00000B82_1.fuz,SFVoiceMoran,SFMoran,combat:CombatToNormal,Neutral,Good work. Burn the bodies.,cb_moran_11
Sound\Voice\StarfallSite.esp\SFVoiceMoran\,SFDialogue_SFCbCombatToNor_00000B83_1.fuz,SFVoiceMoran,SFMoran,combat:CombatToNormal,Neutral,Stand down. Stay sharp.,cb_moran_12
Sound\Voice\StarfallSite.esp\SFVoiceGuardA\,SFDialogue_SFCbLostToComba_00000B85_1.fuz,SFVoiceGuardA,GuardA,combat:LostToCombat,Anger,There you are!,cb_guardA_13
Sound\Voice\StarfallSite.esp\SFVoiceGuardA\,SFDialogue_SFCbLostToComba_00000B86_1.fuz,SFVoiceGuardA,GuardA,combat:LostToCombat,Anger,Found it! Over here!,cb_guardA_14
Sound\Voice\StarfallSite.esp\SFVoiceGuardA\,SFDialogue_SFCbLostToComba_00000B87_1.fuz,SFVoiceGuardA,GuardA,combat:LostToCombat,Anger,Back again? Bad idea.,cb_guardA_15
Sound\Voice\StarfallSite.esp\SFVoiceGuardB\,SFDialogue_SFCbLostToComba_00000B88_1.fuz,SFVoiceGuardB,GuardB,combat:LostToCombat,Anger,Got you!,cb_guardB_13
Sound\Voice\StarfallSite.esp\SFVoiceGuardB\,SFDialogue_SFCbLostToComba_00000B89_1.fuz,SFVoiceGuardB,GuardB,combat:LostToCombat,Anger,Over here! It's over here!,cb_guardB_14
Sound\Voice\StarfallSite.esp\SFVoiceGuardB\,SFDialogue_SFCbLostToComba_00000B8A_1.fuz,SFVoiceGuardB,GuardB,combat:LostToCombat,Anger,Thought you could hide? Wrong.,cb_guardB_15
Sound\Voice\StarfallSite.esp\SFVoiceMoran\,SFDialogue_SFCbLostToComba_00000B8B_1.fuz,SFVoiceMoran,SFMoran,combat:LostToCombat,Anger,There! Take it!,cb_moran_13
Sound\Voice\StarfallSite.esp\SFVoiceMoran\,SFDialogue_SFCbLostToComba_00000B8C_1.fuz,SFVoiceMoran,SFMoran,combat:LostToCombat,Anger,Found it. Converge on me!,cb_moran_14
Sound\Voice\StarfallSite.esp\SFVoiceMoran\,SFDialogue_SFCbLostToComba_00000B8D_1.fuz,SFVoiceMoran,SFMoran,combat:LostToCombat,Anger,Got eyes on it!,cb_moran_15
Sound\Voice\StarfallSite.esp\SFVoiceGuardA\,SFDialogue_SFCbDetectFrien_00000B8F_1.fuz,SFVoiceGuardA,GuardA,combat:DetectFriendDie,Sad,Officer down! Officer down!,cb_guardA_16
Sound\Voice\StarfallSite.esp\SFVoiceGuardA\,SFDialogue_SFCbDetectFrien_00000B90_1.fuz,SFVoiceGuardA,GuardA,combat:DetectFriendDie,Sad,They got one of ours!,cb_guardA_17
Sound\Voice\StarfallSite.esp\SFVoiceGuardA\,SFDialogue_SFCbDetectFrien_00000B91_1.fuz,SFVoiceGuardA,GuardA,combat:DetectFriendDie,Sad,Get Rusk! Somebody get Rusk!,cb_guardA_18
Sound\Voice\StarfallSite.esp\SFVoiceGuardB\,SFDialogue_SFCbDetectFrien_00000B92_1.fuz,SFVoiceGuardB,GuardB,combat:DetectFriendDie,Sad,We lost one!,cb_guardB_16
Sound\Voice\StarfallSite.esp\SFVoiceGuardB\,SFDialogue_SFCbDetectFrien_00000B93_1.fuz,SFVoiceGuardB,GuardB,combat:DetectFriendDie,Sad,"No, no, not like this!",cb_guardB_17
Sound\Voice\StarfallSite.esp\SFVoiceGuardB\,SFDialogue_SFCbDetectFrien_00000B94_1.fuz,SFVoiceGuardB,GuardB,combat:DetectFriendDie,Sad,Somebody tell the Captain. We lost one.,cb_guardB_18
Sound\Voice\StarfallSite.esp\SFVoiceMoran\,SFDialogue_SFCbDetectFrien_00000B95_1.fuz,SFVoiceMoran,SFMoran,combat:DetectFriendDie,Anger,Officer down! Cover them!,cb_moran_16
Sound\Voice\StarfallSite.esp\SFVoiceMoran\,SFDialogue_SFCbDetectFrien_00000B96_1.fuz,SFVoiceMoran,SFMoran,combat:DetectFriendDie,Anger,No! Not another one!,cb_moran_17
Sound\Voice\StarfallSite.esp\SFVoiceMoran\,SFDialogue_SFCbDetectFrien_00000B97_1.fuz,SFVoiceMoran,SFMoran,combat:DetectFriendDie,Anger,They'll pay for that. Push!,cb_moran_18
Sound\Voice\StarfallSite.esp\SFVoiceGuardA\,SFDialogue_SFCbFlee_00000B99_1.fuz,SFVoiceGuardA,GuardA,combat:Flee,Fear,Fall back! Fall back!,cb_guardA_19
Sound\Voice\StarfallSite.esp\SFVoiceGuardA\,SFDialogue_SFCbFlee_00000B9A_1.fuz,SFVoiceGuardA,GuardA,combat:Flee,Fear,I'm not paid enough for this!,cb_guardA_20
Sound\Voice\StarfallSite.esp\SFVoiceGuardB\,SFDialogue_SFCbFlee_00000B9B_1.fuz,SFVoiceGuardB,GuardB,combat:Flee,Fear,I'm out! Cover me!,cb_guardB_19
Sound\Voice\StarfallSite.esp\SFVoiceGuardB\,SFDialogue_SFCbFlee_00000B9C_1.fuz,SFVoiceGuardB,GuardB,combat:Flee,Fear,Retreat! Get to the bunker!,cb_guardB_20
Sound\Voice\StarfallSite.esp\SFVoiceMoran\,SFDialogue_SFCbFlee_00000B9D_1.fuz,SFVoiceMoran,SFMoran,combat:Flee,Fear,Fall back to the gate!,cb_moran_19
Sound\Voice\StarfallSite.esp\SFVoiceMoran\,SFDialogue_SFCbFlee_00000B9E_1.fuz,SFVoiceMoran,SFMoran,combat:Flee,Fear,Regroup! Fall back!,cb_moran_20
Sound\Voice\StarfallSite.esp\SFVoiceKast\,SFDialogue_SFCbFlee_00000B9F_1.fuz,SFVoiceKast,SFKast,combat:Flee,Fear,I'll be in my office. Locked.,cb_kast_05
Sound\Voice\StarfallSite.esp\SFVoiceKast\,SFDialogue_SFCbFlee_00000BA0_1.fuz,SFVoiceKast,SFKast,combat:Flee,Fear,Security will handle this. Not me.,cb_kast_06
Sound\Voice\StarfallSite.esp\SFVoiceHale\,SFDialogue_SFCbFlee_00000BA1_1.fuz,SFVoiceHale,SFHale,combat:Flee,Fear,Tactical retreat! Very tactical!,cb_hale_05
Sound\Voice\StarfallSite.esp\SFVoiceHale\,SFDialogue_SFCbFlee_00000BA2_1.fuz,SFVoiceHale,SFHale,combat:Flee,Fear,I'll come back with something bigger!,cb_hale_06
Sound\Voice\StarfallSite.esp\SFVoiceRusk\,SFDialogue_SFCbFlee_00000BA3_1.fuz,SFVoiceRusk,SFRusk,combat:Flee,Fear,I knew this would happen! I knew it!,cb_rusk_05
Sound\Voice\StarfallSite.esp\SFVoiceRusk\,SFDialogue_SFCbFlee_00000BA4_1.fuz,SFVoiceRusk,SFRusk,combat:Flee,Fear,Lock the doors behind me!,cb_rusk_06
Sound\Voice\StarfallSite.esp\SFVoiceVenn\,SFDialogue_SFCbFlee_00000BA5_1.fuz,SFVoiceVenn,SFVenn,combat:Flee,Fear,Nope. I'm out.,cb_venn_05
Sound\Voice\StarfallSite.esp\SFVoiceVenn\,SFDialogue_SFCbFlee_00000BA6_1.fuz,SFVoiceVenn,SFVenn,combat:Flee,Fear,I'll be hiding in the generator room.,cb_venn_06
Sound\Voice\StarfallSite.esp\SFVoiceJunior1\,SFDialogue_SFCbFlee_00000BA7_1.fuz,SFVoiceJunior1,SFPell,combat:Flee,Fear,I'm running! I'm running!,cb_pell_05
Sound\Voice\StarfallSite.esp\SFVoiceJunior1\,SFDialogue_SFCbFlee_00000BA8_1.fuz,SFVoiceJunior1,SFPell,combat:Flee,Fear,"Not again, not again!",cb_pell_06
Sound\Voice\StarfallSite.esp\SFVoiceJunior2\,SFDialogue_SFCbFlee_00000BA9_1.fuz,SFVoiceJunior2,SFHolt,combat:Flee,Fear,Someone else handle it!,cb_holt_05
Sound\Voice\StarfallSite.esp\SFVoiceJunior2\,SFDialogue_SFCbFlee_00000BAA_1.fuz,SFVoiceJunior2,SFHolt,combat:Flee,Fear,I'm far too valuable for this!,cb_holt_06
Sound\Voice\StarfallSite.esp\SFVoiceJunior3\,SFDialogue_SFCbFlee_00000BAB_1.fuz,SFVoiceJunior3,SFMire,combat:Flee,Fear,Run! Everyone run!,cb_mire_05
Sound\Voice\StarfallSite.esp\SFVoiceJunior3\,SFDialogue_SFCbFlee_00000BAC_1.fuz,SFVoiceJunior3,SFMire,combat:Flee,Fear,"I'm going, I'm going!",cb_mire_06
Sound\Voice\StarfallSite.esp\SFVoiceGuardA\,SFDialogue_SFCbNormalToAle_00000BAE_1.fuz,SFVoiceGuardA,GuardA,combat:NormalToAlert,Fear,Hold up. Something's here.,cb_guardA_21
Sound\Voice\StarfallSite.esp\SFVoiceGuardA\,SFDialogue_SFCbNormalToAle_00000BAF_1.fuz,SFVoiceGuardA,GuardA,combat:NormalToAlert,Fear,Who's there? Show yourself!,cb_guardA_22
Sound\Voice\StarfallSite.esp\SFVoiceGuardB\,SFDialogue_SFCbNormalToAle_00000BB0_1.fuz,SFVoiceGuardB,GuardB,combat:NormalToAlert,Fear,Did you hear that?,cb_guardB_21
Sound\Voice\StarfallSite.esp\SFVoiceGuardB\,SFDialogue_SFCbNormalToAle_00000BB1_1.fuz,SFVoiceGuardB,GuardB,combat:NormalToAlert,Fear,Something's moving out there.,cb_guardB_22
Sound\Voice\StarfallSite.esp\SFVoiceMoran\,SFDialogue_SFCbNormalToAle_00000BB2_1.fuz,SFVoiceMoran,SFMoran,combat:NormalToAlert,Neutral,Quiet. Something's out there.,cb_moran_21
Sound\Voice\StarfallSite.esp\SFVoiceGuardA\,SFDialogue_SFCbCombatToLos_00000BB4_1.fuz,SFVoiceGuardA,GuardA,combat:CombatToLost,Puzzled,It slipped into the shadows.,cb_guardA_23
Sound\Voice\StarfallSite.esp\SFVoiceGuardA\,SFDialogue_SFCbCombatToLos_00000BB5_1.fuz,SFVoiceGuardA,GuardA,combat:CombatToLost,Puzzled,Lost sight of it! Spread out!,cb_guardA_24
Sound\Voice\StarfallSite.esp\SFVoiceGuardB\,SFDialogue_SFCbCombatToLos_00000BB6_1.fuz,SFVoiceGuardB,GuardB,combat:CombatToLost,Puzzled,Where'd it go?,cb_guardB_23
Sound\Voice\StarfallSite.esp\SFVoiceGuardB\,SFDialogue_SFCbCombatToLos_00000BB7_1.fuz,SFVoiceGuardB,GuardB,combat:CombatToLost,Puzzled,Lost it. Keep your eyes sharp.,cb_guardB_24
Sound\Voice\StarfallSite.esp\SFVoiceMoran\,SFDialogue_SFCbCombatToLos_00000BB8_1.fuz,SFVoiceMoran,SFMoran,combat:CombatToLost,Anger,Spread out. Find it.,cb_moran_22
Sound\Voice\StarfallSite.esp\SFVoiceGuardA\,SFDialogue_SFGateHello_00000BBA_1.fuz,SFVoiceGuardA,GuardA,gate,Anger,"Turn around, civilian. This road is closed by order of the Directorate.",gate_no_1
Sound\Voice\StarfallSite.esp\SFVoiceGuardA\,SFDialogue_SFGateHello_00000BBB_1.fuz,SFVoiceGuardA,GuardA,gate,Neutral,Nothing to see past this gate. Go back to Riverwood.,gate_no_2
Sound\Voice\StarfallSite.esp\SFVoiceGuardA\,SFDialogue_SFGateHello_00000BBC_1.fuz,SFVoiceGuardA,GuardA,gate,Anger,"No clearance, no entry. Keep walking.",gate_no_3
Sound\Voice\StarfallSite.esp\SFVoiceGuardA\,SFDialogue_SFGateHello_00000BBD_1.fuz,SFVoiceGuardA,GuardA,gate,Surprise,Is that... the missing manipulator? Go on through. The Director will want to see you.,gate_yes_1
Sound\Voice\StarfallSite.esp\SFVoiceGuardA\,SFDialogue_SFGateHello_00000BBE_1.fuz,SFVoiceGuardA,GuardA,gate,Neutral,"You're cleared. Watch the canyon, things crawl out of it at night.",gate_yes_2
Sound\Voice\StarfallSite.esp\SFVoiceKast\,SFDialogue_SFcv01_1_00000BC0_1.fuz,SFVoiceKast,SFKast,conversation,Neutral,You pushed the array to ninety percent last night.,cv_kast_hale_01_1
Sound\Voice\StarfallSite.esp\SFVoiceHale\,SFDialogue_SFcv01_2_00000BC2_1.fuz,SFVoiceHale,SFHale,conversation,Happy,Ninety two. And nothing exploded. You're welcome.,cv_kast_hale_01_2
Sound\Voice\StarfallSite.esp\SFVoiceKast\,SFDialogue_SFcv01_3_00000BC4_1.fuz,SFVoiceKast,SFKast,conversation,Anger,"Nothing exploded this time. The logs are not a dare, Marcus.",cv_kast_hale_01_3
Sound\Voice\StarfallSite.esp\SFVoiceHale\,SFDialogue_SFcv01_4_00000BC6_1.fuz,SFVoiceHale,SFHale,conversation,Neutral,Then stop writing them like one.,cv_kast_hale_01_4
Sound\Voice\StarfallSite.esp\SFVoiceHale\,SFDialogue_SFcv02_1_00000BC8_1.fuz,SFVoiceHale,SFHale,conversation,Happy,Give me one full cycle at peak resonance. Just one.,cv_kast_hale_02_1
Sound\Voice\StarfallSite.esp\SFVoiceKast\,SFDialogue_SFcv02_2_00000BCA_1.fuz,SFVoiceKast,SFKast,conversation,Neutral,The last full cycle gave us Incident Seven.,cv_kast_hale_02_2
Sound\Voice\StarfallSite.esp\SFVoiceHale\,SFDialogue_SFcv02_3_00000BCC_1.fuz,SFVoiceHale,SFHale,conversation,Neutral,That was containment. My chamber held fine.,cv_kast_hale_02_3
Sound\Voice\StarfallSite.esp\SFVoiceKast\,SFDialogue_SFcv02_4_00000BCE_1.fuz,SFVoiceKast,SFKast,conversation,Puzzled,How comforting for your chamber.,cv_kast_hale_02_4
Sound\Voice\StarfallSite.esp\SFVoiceHale\,SFDialogue_SFcv03_1_00000BD0_1.fuz,SFVoiceHale,SFHale,conversation,Anger,Rusk says you sealed Wing B with people inside. Tell me he's lying.,cv_hale_kast_03_1
Sound\Voice\StarfallSite.esp\SFVoiceKast\,SFDialogue_SFcv03_2_00000BD2_1.fuz,SFVoiceKast,SFKast,conversation,Sad,Rusk is many things. A liar is not one of them.,cv_hale_kast_03_2
Sound\Voice\StarfallSite.esp\SFVoiceHale\,SFDialogue_SFcv03_3_00000BD4_1.fuz,SFVoiceHale,SFHale,conversation,Anger,"I built half this place for you, Aurelius.",cv_hale_kast_03_3
Sound\Voice\StarfallSite.esp\SFVoiceKast\,SFDialogue_SFcv03_4_00000BD6_1.fuz,SFVoiceKast,SFKast,conversation,Neutral,And I kept the other half standing. Pick which half you'd rather lose.,cv_hale_kast_03_4
Sound\Voice\StarfallSite.esp\SFVoiceHale\,SFDialogue_SFcv04_1_00000BD8_1.fuz,SFVoiceHale,SFHale,conversation,Neutral,"Venn, I need the capacitor bank at full charge by noon.",cv_hale_venn_01_1
Sound\Voice\StarfallSite.esp\SFVoiceVenn\,SFDialogue_SFcv04_2_00000BDA_1.fuz,SFVoiceVenn,SFVenn,conversation,Anger,And I need a screwdriver that isn't a sharpened spoon.,cv_hale_venn_01_2
Sound\Voice\StarfallSite.esp\SFVoiceHale\,SFDialogue_SFcv04_3_00000BDC_1.fuz,SFVoiceHale,SFHale,conversation,Puzzled,So can you do it?,cv_hale_venn_01_3
Sound\Voice\StarfallSite.esp\SFVoiceVenn\,SFDialogue_SFcv04_4_00000BDE_1.fuz,SFVoiceVenn,SFVenn,conversation,Neutral,Of course I can do it. I'm just going to complain the whole time.,cv_hale_venn_01_4
Sound\Voice\StarfallSite.esp\SFVoiceVenn\,SFDialogue_SFcv05_1_00000BE0_1.fuz,SFVoiceVenn,SFVenn,conversation,Anger,I put in for copper wire. Three weeks ago.,cv_venn_kast_01_1
Sound\Voice\StarfallSite.esp\SFVoiceKast\,SFDialogue_SFcv05_2_00000BE2_1.fuz,SFVoiceKast,SFKast,conversation,Neutral,The supply rift is unreliable. You know this.,cv_venn_kast_01_2
Sound\Voice\StarfallSite.esp\SFVoiceVenn\,SFDialogue_SFcv05_3_00000BE4_1.fuz,SFVoiceVenn,SFVenn,conversation,Neutral,So I traded a Riverwood smith for some. He wanted a lantern.,cv_venn_kast_01_3
Sound\Voice\StarfallSite.esp\SFVoiceKast\,SFDialogue_SFcv05_4_00000BE6_1.fuz,SFVoiceKast,SFKast,conversation,Surprise,You gave a local our technology?,cv_venn_kast_01_4
Sound\Voice\StarfallSite.esp\SFVoiceVenn\,SFDialogue_SFcv05_5_00000BE8_1.fuz,SFVoiceVenn,SFVenn,conversation,Anger,"I gave him a lantern, Director. It's a lantern.",cv_venn_kast_01_5
Sound\Voice\StarfallSite.esp\SFVoiceRusk\,SFDialogue_SFcv06_1_00000BEA_1.fuz,SFVoiceRusk,SFRusk,conversation,Fear,The specimens react to the array cycles. Every single time.,cv_rusk_kast_01_1
Sound\Voice\StarfallSite.esp\SFVoiceKast\,SFDialogue_SFcv06_2_00000BEC_1.fuz,SFVoiceKast,SFKast,conversation,Neutral,"Correlation, Emil. Not causation.",cv_rusk_kast_01_2
Sound\Voice\StarfallSite.esp\SFVoiceRusk\,SFDialogue_SFcv06_3_00000BEE_1.fuz,SFVoiceRusk,SFRusk,conversation,Fear,They turn toward the Test Chamber. All of them. At once.,cv_rusk_kast_01_3
Sound\Voice\StarfallSite.esp\SFVoiceKast\,SFDialogue_SFcv06_4_00000BF0_1.fuz,SFVoiceKast,SFKast,conversation,Neutral,Then write it up. Quietly.,cv_rusk_kast_01_4
Sound\Voice\StarfallSite.esp\SFVoiceHale\,SFDialogue_SFcv07_1_00000BF2_1.fuz,SFVoiceHale,SFHale,conversation,Happy,Emil! Want to see a crystal sing at eighty percent?,cv_hale_rusk_01_1
Sound\Voice\StarfallSite.esp\SFVoiceRusk\,SFDialogue_SFcv07_2_00000BF4_1.fuz,SFVoiceRusk,SFRusk,conversation,Fear,I'd rather see it sleep at zero.,cv_hale_rusk_01_2
Sound\Voice\StarfallSite.esp\SFVoiceHale\,SFDialogue_SFcv07_3_00000BF6_1.fuz,SFVoiceHale,SFHale,conversation,Puzzled,Where's your sense of wonder?,cv_hale_rusk_01_3
Sound\Voice\StarfallSite.esp\SFVoiceRusk\,SFDialogue_SFcv07_4_00000BF8_1.fuz,SFVoiceRusk,SFRusk,conversation,Sad,In Wing B. Behind a sealed door.,cv_hale_rusk_01_4
Sound\Voice\StarfallSite.esp\SFVoiceJunior3\,SFDialogue_SFcv08_1_00000BFA_1.fuz,SFVoiceJunior3,SFMire,conversation,Sad,"Doctor, are you all right? You've barely eaten.",cv_mire_rusk_01_1
Sound\Voice\StarfallSite.esp\SFVoiceRusk\,SFDialogue_SFcv08_2_00000BFC_1.fuz,SFVoiceRusk,SFRusk,conversation,Fear,"I keep dreaming about the vents, Ollan.",cv_mire_rusk_01_2
Sound\Voice\StarfallSite.esp\SFVoiceJunior3\,SFDialogue_SFcv08_3_00000BFE_1.fuz,SFVoiceJunior3,SFMire,conversation,Neutral,My grandmother said bad dreams are just the mind cleaning house.,cv_mire_rusk_01_3
Sound\Voice\StarfallSite.esp\SFVoiceRusk\,SFDialogue_SFcv08_4_00000C00_1.fuz,SFVoiceRusk,SFRusk,conversation,Sad,"Then my house is very, very dirty.",cv_mire_rusk_01_4
Sound\Voice\StarfallSite.esp\SFVoiceJunior2\,SFDialogue_SFcv09_1_00000C02_1.fuz,SFVoiceJunior2,SFHolt,conversation,Happy,Did you hear? Hale singed his eyebrows off again.,cv_holt_pell_01_1
Sound\Voice\StarfallSite.esp\SFVoiceJunior1\,SFDialogue_SFcv09_2_00000C04_1.fuz,SFVoiceJunior1,SFPell,conversation,Surprise,Again? That's the third time this month.,cv_holt_pell_01_2
Sound\Voice\StarfallSite.esp\SFVoiceJunior2\,SFDialogue_SFcv09_3_00000C06_1.fuz,SFVoiceJunior2,SFHolt,conversation,Neutral,"If I ran the chamber, nobody would lose any eyebrows.",cv_holt_pell_01_3
Sound\Voice\StarfallSite.esp\SFVoiceJunior1\,SFDialogue_SFcv09_4_00000C08_1.fuz,SFVoiceJunior1,SFPell,conversation,Sad,"You'd make me run the chamber, and I'd lose mine.",cv_holt_pell_01_4
Sound\Voice\StarfallSite.esp\SFVoiceJunior2\,SFDialogue_SFcv09_5_00000C0A_1.fuz,SFVoiceJunior2,SFHolt,conversation,Happy,"Delegation, Jory. It's a leadership skill.",cv_holt_pell_01_5
Sound\Voice\StarfallSite.esp\SFVoiceJunior1\,SFDialogue_SFcv10_1_00000C0C_1.fuz,SFVoiceJunior1,SFPell,conversation,Fear,Do you think there were people in Wing B when it sealed?,cv_pell_mire_01_1
Sound\Voice\StarfallSite.esp\SFVoiceJunior3\,SFDialogue_SFcv10_2_00000C0E_1.fuz,SFVoiceJunior3,SFMire,conversation,Neutral,The roster said it was empty. Rosters don't lie.,cv_pell_mire_01_2
Sound\Voice\StarfallSite.esp\SFVoiceJunior1\,SFDialogue_SFcv10_3_00000C10_1.fuz,SFVoiceJunior1,SFPell,conversation,Fear,"Rosters get written by people, Ollan.",cv_pell_mire_01_3
Sound\Voice\StarfallSite.esp\SFVoiceJunior3\,SFDialogue_SFcv10_4_00000C12_1.fuz,SFVoiceJunior3,SFMire,conversation,Sad,Let's not talk about it here.,cv_pell_mire_01_4
Sound\Voice\StarfallSite.esp\SFVoiceJunior2\,SFDialogue_SFcv11_1_00000C14_1.fuz,SFVoiceJunior2,SFHolt,conversation,Disgust,You actually read those Nord books? They're all about axes.,cv_holt_mire_01_1
Sound\Voice\StarfallSite.esp\SFVoiceJunior3\,SFDialogue_SFcv11_2_00000C16_1.fuz,SFVoiceJunior3,SFMire,conversation,Neutral,Not all of them. Some are about bears. And honor.,cv_holt_mire_01_2
Sound\Voice\StarfallSite.esp\SFVoiceJunior2\,SFDialogue_SFcv11_3_00000C18_1.fuz,SFVoiceJunior2,SFHolt,conversation,Neutral,Honor won't calibrate a resonance array.,cv_holt_mire_01_3
Sound\Voice\StarfallSite.esp\SFVoiceJunior3\,SFDialogue_SFcv11_4_00000C1A_1.fuz,SFVoiceJunior3,SFMire,conversation,Happy,"Neither will you, from what Hale says.",cv_holt_mire_01_4
Sound\Voice\StarfallSite.esp\SFVoiceJunior1\,SFDialogue_SFcv12_1_00000C1C_1.fuz,SFVoiceJunior1,SFPell,conversation,Fear,"Mister Venn, the light in my lab keeps flickering.",cv_pell_venn_01_1
Sound\Voice\StarfallSite.esp\SFVoiceVenn\,SFDialogue_SFcv12_2_00000C1E_1.fuz,SFVoiceVenn,SFVenn,conversation,Puzzled,"Does it flicker, or does it strobe?",cv_pell_venn_01_2
Sound\Voice\StarfallSite.esp\SFVoiceJunior1\,SFDialogue_SFcv12_3_00000C20_1.fuz,SFVoiceJunior1,SFPell,conversation,Puzzled,Is there a difference?,cv_pell_venn_01_3
Sound\Voice\StarfallSite.esp\SFVoiceVenn\,SFDialogue_SFcv12_4_00000C22_1.fuz,SFVoiceVenn,SFVenn,conversation,Neutral,One is annoying. The other means move your desk. Now.,cv_pell_venn_01_4
Sound\Voice\StarfallSite.esp\SFVoiceJunior3\,SFDialogue_SFcv13_1_00000C24_1.fuz,SFVoiceJunior3,SFMire,conversation,Surprise,A woman in Riverwood lit a candle with her finger today.,cv_mire_venn_01_1
Sound\Voice\StarfallSite.esp\SFVoiceVenn\,SFDialogue_SFcv13_2_00000C26_1.fuz,SFVoiceVenn,SFVenn,conversation,Puzzled,With what? A flint up her sleeve?,cv_mire_venn_01_2
Sound\Voice\StarfallSite.esp\SFVoiceJunior3\,SFDialogue_SFcv13_3_00000C28_1.fuz,SFVoiceJunior3,SFMire,conversation,Puzzled,Nothing. Just her finger.,cv_mire_venn_01_3
Sound\Voice\StarfallSite.esp\SFVoiceVenn\,SFDialogue_SFcv13_4_00000C2A_1.fuz,SFVoiceVenn,SFVenn,conversation,Anger,"Great. They get free fire, and I can't even get a fuse.",cv_mire_venn_01_4
Sound\Voice\StarfallSite.esp\SFVoiceMoran\,SFDialogue_SFcv14_1_00000C2C_1.fuz,SFVoiceMoran,SFMoran,conversation,Neutral,Two more canisters spotted near the north ridge.,cv_moran_kast_01_1
Sound\Voice\StarfallSite.esp\SFVoiceKast\,SFDialogue_SFcv14_2_00000C2E_1.fuz,SFVoiceKast,SFKast,conversation,Neutral,Retrieve them. Discreetly.,cv_moran_kast_01_2
Sound\Voice\StarfallSite.esp\SFVoiceMoran\,SFDialogue_SFcv14_3_00000C30_1.fuz,SFVoiceMoran,SFMoran,conversation,Anger,"My people aren't hounds, Director. They bleed.",cv_moran_kast_01_3
Sound\Voice\StarfallSite.esp\SFVoiceKast\,SFDialogue_SFcv14_4_00000C32_1.fuz,SFVoiceKast,SFKast,conversation,Neutral,Then send the ones who bleed least.,cv_moran_kast_01_4
Sound\Voice\StarfallSite.esp\SFVoiceMoran\,SFDialogue_SFcv14_5_00000C34_1.fuz,SFVoiceMoran,SFMoran,conversation,Disgust,I'll pretend you didn't say that.,cv_moran_kast_01_5
Sound\Voice\StarfallSite.esp\SFVoiceMoran\,SFDialogue_SFcv15_1_00000C36_1.fuz,SFVoiceMoran,SFMoran,conversation,Anger,You told me Wing B was empty.,cv_moran_kast_02_1
Sound\Voice\StarfallSite.esp\SFVoiceKast\,SFDialogue_SFcv15_2_00000C38_1.fuz,SFVoiceKast,SFKast,conversation,Neutral,I told you what you needed to hold the line.,cv_moran_kast_02_2
Sound\Voice\StarfallSite.esp\SFVoiceMoran\,SFDialogue_SFcv15_3_00000C3A_1.fuz,SFVoiceMoran,SFMoran,conversation,Anger,My officers were on that door. They heard the knocking.,cv_moran_kast_02_3
Sound\Voice\StarfallSite.esp\SFVoiceKast\,SFDialogue_SFcv15_4_00000C3C_1.fuz,SFVoiceKast,SFKast,conversation,Sad,"So did I, Captain. So did I.",cv_moran_kast_02_4
Sound\Voice\StarfallSite.esp\SFVoiceMoran\,SFDialogue_SFcv16_1_00000C3E_1.fuz,SFVoiceMoran,SFMoran,conversation,Neutral,Listen up. Headcrabs like the ventilation. Check the grates every hour.,cv_moran_guardA_01_1
Sound\Voice\StarfallSite.esp\SFVoiceGuardA\,SFDialogue_SFcv16_2_00000C40_1.fuz,SFVoiceGuardA,GuardA,conversation,Puzzled,"Every hour, Captain? They're very small grates.",cv_moran_guardA_01_2
Sound\Voice\StarfallSite.esp\SFVoiceMoran\,SFDialogue_SFcv16_3_00000C42_1.fuz,SFVoiceMoran,SFMoran,conversation,Anger,And very small headcrabs fit through them. Every hour.,cv_moran_guardA_01_3
Sound\Voice\StarfallSite.esp\SFVoiceMoran\,SFDialogue_SFcv17_1_00000C44_1.fuz,SFVoiceMoran,SFMoran,conversation,Neutral,Nobody fraternizes with the locals while on duty.,cv_moran_guardB_01_1
Sound\Voice\StarfallSite.esp\SFVoiceGuardB\,SFDialogue_SFcv17_2_00000C46_1.fuz,SFVoiceGuardB,GuardB,conversation,Puzzled,"What about off duty, Captain?",cv_moran_guardB_01_2
Sound\Voice\StarfallSite.esp\SFVoiceMoran\,SFDialogue_SFcv17_3_00000C48_1.fuz,SFVoiceMoran,SFMoran,conversation,Neutral,"Off duty, you sleep. That's an order.",cv_moran_guardB_01_3
Sound\Voice\StarfallSite.esp\SFVoiceGuardB\,SFDialogue_SFcv17_4_00000C4A_1.fuz,SFVoiceGuardB,GuardB,conversation,Sad,Understood. Sleep. Not mead.,cv_moran_guardB_01_4
Sound\Voice\StarfallSite.esp\SFVoiceMoran\,SFDialogue_SFcv18_1_00000C4C_1.fuz,SFVoiceMoran,SFMoran,conversation,Neutral,"If a scientist tells you something is safe, what do you do?",cv_moran_guardA_02_1
Sound\Voice\StarfallSite.esp\SFVoiceGuardA\,SFDialogue_SFcv18_2_00000C4E_1.fuz,SFVoiceGuardA,GuardA,conversation,Neutral,"Assume it isn't, Captain.",cv_moran_guardA_02_2
Sound\Voice\StarfallSite.esp\SFVoiceMoran\,SFDialogue_SFcv18_3_00000C50_1.fuz,SFVoiceMoran,SFMoran,conversation,Neutral,And if they say it's dangerous?,cv_moran_guardA_02_3
Sound\Voice\StarfallSite.esp\SFVoiceGuardA\,SFDialogue_SFcv18_4_00000C52_1.fuz,SFVoiceGuardA,GuardA,conversation,Fear,"Run, Captain.",cv_moran_guardA_02_4
Sound\Voice\StarfallSite.esp\SFVoiceMoran\,SFDialogue_SFcv18_5_00000C54_1.fuz,SFVoiceMoran,SFMoran,conversation,Happy,Good. You'll outlive most of them.,cv_moran_guardA_02_5
Sound\Voice\StarfallSite.esp\SFVoiceGuardA\,SFDialogue_SFcv19_1_00000C56_1.fuz,SFVoiceGuardA,GuardA,conversation,Sad,You ever think about going home?,cv_guards_01_1
Sound\Voice\StarfallSite.esp\SFVoiceGuardB\,SFDialogue_SFcv19_2_00000C58_1.fuz,SFVoiceGuardB,GuardB,conversation,Sad,Every day. Twice before breakfast.,cv_guards_01_2
Sound\Voice\StarfallSite.esp\SFVoiceGuardA\,SFDialogue_SFcv19_3_00000C5A_1.fuz,SFVoiceGuardA,GuardA,conversation,Puzzled,Think they'll ever open the rift for a ride back?,cv_guards_01_3
Sound\Voice\StarfallSite.esp\SFVoiceGuardB\,SFDialogue_SFcv19_4_00000C5C_1.fuz,SFVoiceGuardB,GuardB,conversation,Disgust,They can't even open the canteen on time.,cv_guards_01_4
Sound\Voice\StarfallSite.esp\SFVoiceGuardA\,SFDialogue_SFcv20_1_00000C5E_1.fuz,SFVoiceGuardA,GuardA,conversation,Surprise,Saw a dragon over the mountains this morning.,cv_guards_02_1
Sound\Voice\StarfallSite.esp\SFVoiceGuardB\,SFDialogue_SFcv20_2_00000C60_1.fuz,SFVoiceGuardB,GuardB,conversation,Puzzled,A real one?,cv_guards_02_2
Sound\Voice\StarfallSite.esp\SFVoiceGuardA\,SFDialogue_SFcv20_3_00000C62_1.fuz,SFVoiceGuardA,GuardA,conversation,Neutral,"No, a painted one. Yes, a real one.",cv_guards_02_3
Sound\Voice\StarfallSite.esp\SFVoiceGuardB\,SFDialogue_SFcv20_4_00000C64_1.fuz,SFVoiceGuardB,GuardB,conversation,Fear,And we're guarding a giant glowing crater. Perfect.,cv_guards_02_4
Sound\Voice\StarfallSite.esp\SFVoiceGuardB\,SFDialogue_SFcv21_1_00000C66_1.fuz,SFVoiceGuardB,GuardB,conversation,Neutral,Tried the mead in Riverwood on my day off.,cv_guards_03_1
Sound\Voice\StarfallSite.esp\SFVoiceGuardA\,SFDialogue_SFcv21_2_00000C68_1.fuz,SFVoiceGuardA,GuardA,conversation,Puzzled,And?,cv_guards_03_2
Sound\Voice\StarfallSite.esp\SFVoiceGuardB\,SFDialogue_SFcv21_3_00000C6A_1.fuz,SFVoiceGuardB,GuardB,conversation,Sad,Woke up in a barn. Next to a goat. Wearing my helmet.,cv_guards_03_3
Sound\Voice\StarfallSite.esp\SFVoiceGuardA\,SFDialogue_SFcv21_4_00000C6C_1.fuz,SFVoiceGuardA,GuardA,conversation,Puzzled,"The goat, or you?",cv_guards_03_4
Sound\Voice\StarfallSite.esp\SFVoiceGuardB\,SFDialogue_SFcv21_5_00000C6E_1.fuz,SFVoiceGuardB,GuardB,conversation,Disgust,I'd rather not say.,cv_guards_03_5
Sound\Voice\StarfallSite.esp\SFVoiceGuardA\,SFDialogue_SFcv22_1_00000C70_1.fuz,SFVoiceGuardA,GuardA,conversation,Anger,Holt asked me to carry his notes. His notes.,cv_guards_04_1
Sound\Voice\StarfallSite.esp\SFVoiceGuardB\,SFDialogue_SFcv22_2_00000C72_1.fuz,SFVoiceGuardB,GuardB,conversation,Puzzled,Did you?,cv_guards_04_2
Sound\Voice\StarfallSite.esp\SFVoiceGuardA\,SFDialogue_SFcv22_3_00000C74_1.fuz,SFVoiceGuardA,GuardA,conversation,Happy,I carried them. Straight into the brazier.,cv_guards_04_3
Sound\Voice\StarfallSite.esp\SFVoiceGuardB\,SFDialogue_SFcv22_4_00000C76_1.fuz,SFVoiceGuardB,GuardB,conversation,Happy,Officer of the month.,cv_guards_04_4
Sound\Voice\StarfallSite.esp\SFVoiceGuardA\,SFDialogue_SFcv23_1_00000C78_1.fuz,SFVoiceGuardA,GuardA,conversation,Puzzled,"What's worse, a headcrab or a zombie?",cv_guards_05_1
Sound\Voice\StarfallSite.esp\SFVoiceGuardB\,SFDialogue_SFcv23_2_00000C7A_1.fuz,SFVoiceGuardB,GuardB,conversation,Neutral,Headcrab. A zombie's just a headcrab with a commute.,cv_guards_05_2
Sound\Voice\StarfallSite.esp\SFVoiceGuardA\,SFDialogue_SFcv23_3_00000C7C_1.fuz,SFVoiceGuardA,GuardA,conversation,Disgust,I really didn't need that picture in my head.,cv_guards_05_3
Sound\Voice\StarfallSite.esp\SFVoiceGuardA\,SFDialogue_SFcv24_1_00000C7E_1.fuz,SFVoiceGuardA,GuardA,conversation,Sad,You hear what Rusk found? About Wing B?,cv_guards_06_1
Sound\Voice\StarfallSite.esp\SFVoiceGuardB\,SFDialogue_SFcv24_2_00000C80_1.fuz,SFVoiceGuardB,GuardB,conversation,Anger,Everyone's heard. The Director sealed it with people inside.,cv_guards_06_2
Sound\Voice\StarfallSite.esp\SFVoiceGuardA\,SFDialogue_SFcv24_3_00000C82_1.fuz,SFVoiceGuardA,GuardA,conversation,Sad,And we stood guard while they knocked.,cv_guards_06_3
Sound\Voice\StarfallSite.esp\SFVoiceGuardB\,SFDialogue_SFcv24_4_00000C84_1.fuz,SFVoiceGuardB,GuardB,conversation,Sad,We didn't know. Keep telling yourself that. I do.,cv_guards_06_4
Sound\Voice\StarfallSite.esp\SFVoiceGuardA\,SFDialogue_SFcv25_1_00000C86_1.fuz,SFVoiceGuardA,GuardA,conversation,Surprise,There's a giant herding mammoths near the north fence.,cv_guards_07_1
Sound\Voice\StarfallSite.esp\SFVoiceGuardB\,SFDialogue_SFcv25_2_00000C88_1.fuz,SFVoiceGuardB,GuardB,conversation,Fear,Did it notice us?,cv_guards_07_2
Sound\Voice\StarfallSite.esp\SFVoiceGuardA\,SFDialogue_SFcv25_3_00000C8A_1.fuz,SFVoiceGuardA,GuardA,conversation,Neutral,It waved.,cv_guards_07_3
Sound\Voice\StarfallSite.esp\SFVoiceGuardB\,SFDialogue_SFcv25_4_00000C8C_1.fuz,SFVoiceGuardB,GuardB,conversation,Puzzled,Should we have waved back?,cv_guards_07_4
Sound\Voice\StarfallSite.esp\SFVoiceGuardA\,SFDialogue_SFcv25_5_00000C8E_1.fuz,SFVoiceGuardA,GuardA,conversation,Neutral,I did. Seemed polite.,cv_guards_07_5
Sound\Voice\StarfallSite.esp\SFVoiceJunior2\,SFDialogue_SFcv26_1_00000C90_1.fuz,SFVoiceJunior2,SFHolt,conversation,Neutral,"Dr. Hale, I reviewed your calibration notes. I have suggestions.",cv_holt_hale_01_1
Sound\Voice\StarfallSite.esp\SFVoiceHale\,SFDialogue_SFcv26_2_00000C92_1.fuz,SFVoiceHale,SFHale,conversation,Puzzled,"Have you built anything that can lift a cart, Holt?",cv_holt_hale_01_2
Sound\Voice\StarfallSite.esp\SFVoiceJunior2\,SFDialogue_SFcv26_3_00000C94_1.fuz,SFVoiceJunior2,SFHolt,conversation,Sad,Not yet.,cv_holt_hale_01_3
Sound\Voice\StarfallSite.esp\SFVoiceHale\,SFDialogue_SFcv26_4_00000C96_1.fuz,SFVoiceHale,SFHale,conversation,Happy,Then your suggestions can wait in line behind the cart.,cv_holt_hale_01_4
Sound\Voice\StarfallSite.esp\SFVoiceHale\,SFDialogue_SFcv27_1_00000C98_1.fuz,SFVoiceHale,SFHale,conversation,Happy,Pell! Readings on crystal four?,cv_hale_pell_01_1
Sound\Voice\StarfallSite.esp\SFVoiceJunior1\,SFDialogue_SFcv27_2_00000C9A_1.fuz,SFVoiceJunior1,SFPell,conversation,Puzzled,"It's humming at a pitch I can taste, sir.",cv_hale_pell_01_2
Sound\Voice\StarfallSite.esp\SFVoiceHale\,SFDialogue_SFcv27_3_00000C9C_1.fuz,SFVoiceHale,SFHale,conversation,Happy,Excellent! Write that down. Exactly that.,cv_hale_pell_01_3
Sound\Voice\StarfallSite.esp\SFVoiceJunior1\,SFDialogue_SFcv27_4_00000C9E_1.fuz,SFVoiceJunior1,SFPell,conversation,Puzzled,"Taste, sir?",cv_hale_pell_01_4
Sound\Voice\StarfallSite.esp\SFVoiceHale\,SFDialogue_SFcv27_5_00000CA0_1.fuz,SFVoiceHale,SFHale,conversation,Happy,"Science is a full body experience, Jory.",cv_hale_pell_01_5
Sound\Voice\StarfallSite.esp\SFVoiceVenn\,SFDialogue_SFcv28_1_00000CA2_1.fuz,SFVoiceVenn,SFVenn,conversation,Neutral,The crater floor sank another inch this month.,cv_venn_rusk_01_1
Sound\Voice\StarfallSite.esp\SFVoiceRusk\,SFDialogue_SFcv28_2_00000CA4_1.fuz,SFVoiceRusk,SFRusk,conversation,Fear,"Is that structural, or is something underneath?",cv_venn_rusk_01_2
Sound\Voice\StarfallSite.esp\SFVoiceVenn\,SFDialogue_SFcv28_3_00000CA6_1.fuz,SFVoiceVenn,SFVenn,conversation,Neutral,I'm an engineer. I only answer the first kind of question.,cv_venn_rusk_01_3
Sound\Voice\StarfallSite.esp\SFVoiceRusk\,SFDialogue_SFcv28_4_00000CA8_1.fuz,SFVoiceRusk,SFRusk,conversation,Fear,Then who answers the second kind?,cv_venn_rusk_01_4
Sound\Voice\StarfallSite.esp\SFVoiceKast\,SFDialogue_SFcv29_1_00000CAA_1.fuz,SFVoiceKast,SFKast,conversation,Neutral,"Mire, I hear you've been visiting Riverwood.",cv_kast_mire_01_1
Sound\Voice\StarfallSite.esp\SFVoiceJunior3\,SFDialogue_SFcv29_2_00000CAC_1.fuz,SFVoiceJunior3,SFMire,conversation,Fear,"Only to trade, Director. And to read at the inn.",cv_kast_mire_01_2
Sound\Voice\StarfallSite.esp\SFVoiceKast\,SFDialogue_SFcv29_3_00000CAE_1.fuz,SFVoiceKast,SFKast,conversation,Neutral,Say nothing about the site. The locals already think we're star cultists.,cv_kast_mire_01_3
Sound\Voice\StarfallSite.esp\SFVoiceJunior3\,SFDialogue_SFcv29_4_00000CB0_1.fuz,SFVoiceJunior3,SFMire,conversation,Puzzled,They also call me 'the polite one.' I'd hate to ruin that.,cv_kast_mire_01_4
Sound\Voice\StarfallSite.esp\SFVoiceJunior1\,SFDialogue_SFcv30_1_00000CB2_1.fuz,SFVoiceJunior1,SFPell,conversation,Fear,"Doctor, is it true? The journal, the people in Wing B?",cv_pell_rusk_01_1
Sound\Voice\StarfallSite.esp\SFVoiceRusk\,SFDialogue_SFcv30_2_00000CB4_1.fuz,SFVoiceRusk,SFRusk,conversation,Sad,"It's true, Jory. I should have spoken sooner.",cv_pell_rusk_01_2
Sound\Voice\StarfallSite.esp\SFVoiceJunior1\,SFDialogue_SFcv30_3_00000CB6_1.fuz,SFVoiceJunior1,SFPell,conversation,Puzzled,Why didn't you?,cv_pell_rusk_01_3
Sound\Voice\StarfallSite.esp\SFVoiceRusk\,SFDialogue_SFcv30_4_00000CB8_1.fuz,SFVoiceRusk,SFRusk,conversation,Sad,Fear. The same reason you're whispering now.,cv_pell_rusk_01_4
Sound\Voice\StarfallSite.esp\SFVoiceVenn\,SFDialogue_SFcv31_1_00000CBA_1.fuz,SFVoiceVenn,SFVenn,conversation,Puzzled,So Kast is still in charge after all that?,cv_venn_hale_02_1
Sound\Voice\StarfallSite.esp\SFVoiceHale\,SFDialogue_SFcv31_2_00000CBC_1.fuz,SFVoiceHale,SFHale,conversation,Neutral,The Directorate is far away. And nobody knows the array like him.,cv_venn_hale_02_2
Sound\Voice\StarfallSite.esp\SFVoiceVenn\,SFDialogue_SFcv31_3_00000CBE_1.fuz,SFVoiceVenn,SFVenn,conversation,Neutral,Except you.,cv_venn_hale_02_3
Sound\Voice\StarfallSite.esp\SFVoiceHale\,SFDialogue_SFcv31_4_00000CC0_1.fuz,SFVoiceHale,SFHale,conversation,Sad,Except me. And I'm the one who kept pushing it.,cv_venn_hale_02_4
Sound\Voice\StarfallSite.esp\SFVoiceJunior2\,SFDialogue_SFcv32_1_00000CC2_1.fuz,SFVoiceJunior2,SFHolt,conversation,Neutral,"If Kast falls, Hale moves up, and someone gets the chamber.",cv_holt_pell_02_1
Sound\Voice\StarfallSite.esp\SFVoiceJunior1\,SFDialogue_SFcv32_2_00000CC4_1.fuz,SFVoiceJunior1,SFPell,conversation,Anger,"People died, Brennic.",cv_holt_pell_02_2
Sound\Voice\StarfallSite.esp\SFVoiceJunior2\,SFDialogue_SFcv32_3_00000CC6_1.fuz,SFVoiceJunior2,SFHolt,conversation,Sad,I know. I'm sorry. I just don't know what else to think about.,cv_holt_pell_02_3
Sound\Voice\StarfallSite.esp\SFVoiceMoran\,SFDialogue_SFcv33_1_00000CC8_1.fuz,SFVoiceMoran,SFMoran,conversation,Neutral,"Doc, one of my officers got scratched by a crab.",cv_moran_rusk_01_1
Sound\Voice\StarfallSite.esp\SFVoiceRusk\,SFDialogue_SFcv33_2_00000CCA_1.fuz,SFVoiceRusk,SFRusk,conversation,Fear,Scratched or bitten? It matters enormously.,cv_moran_rusk_01_2
Sound\Voice\StarfallSite.esp\SFVoiceMoran\,SFDialogue_SFcv33_3_00000CCC_1.fuz,SFVoiceMoran,SFMoran,conversation,Neutral,Scratched.,cv_moran_rusk_01_3
Sound\Voice\StarfallSite.esp\SFVoiceRusk\,SFDialogue_SFcv33_4_00000CCE_1.fuz,SFVoiceRusk,SFRusk,conversation,Neutral,Then send them in. And keep them away from anything with legs.,cv_moran_rusk_01_4
Sound\Voice\StarfallSite.esp\SFVoiceJunior3\,SFDialogue_SFcv34_1_00000CD0_1.fuz,SFVoiceJunior3,SFMire,conversation,Sad,"Do you miss home, officer?",cv_mire_guardB_01_1
Sound\Voice\StarfallSite.esp\SFVoiceGuardB\,SFDialogue_SFcv34_2_00000CD2_1.fuz,SFVoiceGuardB,GuardB,conversation,Sad,Every hour. You?,cv_mire_guardB_01_2
Sound\Voice\StarfallSite.esp\SFVoiceJunior3\,SFDialogue_SFcv34_3_00000CD4_1.fuz,SFVoiceJunior3,SFMire,conversation,Sad,I miss rain that doesn't turn into snow.,cv_mire_guardB_01_3
Sound\Voice\StarfallSite.esp\SFVoiceGuardB\,SFDialogue_SFcv34_4_00000CD6_1.fuz,SFVoiceGuardB,GuardB,conversation,Neutral,I miss being warm. I've forgotten what it feels like.,cv_mire_guardB_01_4
Sound\Voice\StarfallSite.esp\SFVoiceGuardA\,SFDialogue_SFcv35_1_00000CD8_1.fuz,SFVoiceGuardA,GuardA,conversation,Anger,"Venn, the main gate is stuck again.",cv_guardA_venn_01_1
Sound\Voice\StarfallSite.esp\SFVoiceVenn\,SFDialogue_SFcv35_2_00000CDA_1.fuz,SFVoiceVenn,SFVenn,conversation,Puzzled,Did you kick it?,cv_guardA_venn_01_2
Sound\Voice\StarfallSite.esp\SFVoiceGuardA\,SFDialogue_SFcv35_3_00000CDC_1.fuz,SFVoiceGuardA,GuardA,conversation,Neutral,Yes.,cv_guardA_venn_01_3
Sound\Voice\StarfallSite.esp\SFVoiceVenn\,SFDialogue_SFcv35_4_00000CDE_1.fuz,SFVoiceVenn,SFVenn,conversation,Neutral,Kick it lower. That's the whole repair.,cv_guardA_venn_01_4
Sound\Voice\StarfallSite.esp\SFVoiceKast\,SFDialogue_SFtp002_00000CE2_1.fuz,SFVoiceKast,SFKast,topic,Neutral,Far enough that the answer would mean nothing to you.,tp_kast_place_home_r1
Sound\Voice\StarfallSite.esp\SFVoiceKast\,SFDialogue_SFtp002_00000CE2_2.fuz,SFVoiceKast,SFKast,topic,Neutral,Let's leave it at that.,tp_kast_place_home_r2
Sound\Voice\StarfallSite.esp\SFVoiceKast\,SFDialogue_SFtp001_00000CE3_1.fuz,SFVoiceKast,SFKast,topic,Neutral,Starfall Research Site. We study the crystal that fell here a year ago.,tp_kast_place_r1
Sound\Voice\StarfallSite.esp\SFVoiceKast\,SFDialogue_SFtp001_00000CE3_2.fuz,SFVoiceKast,SFKast,topic,Neutral,"We are the Lambda Directorate. Scholars, mostly. Far from home, entirely.",tp_kast_place_r2
Sound\Voice\StarfallSite.esp\SFVoiceKast\,SFDialogue_SFtp004_00000CE7_1.fuz,SFVoiceKast,SFKast,topic,Neutral,Your mages would say so. We prefer equations. They're less temperamental.,tp_kast_crater_magic_r1
Sound\Voice\StarfallSite.esp\SFVoiceKast\,SFDialogue_SFtp003_00000CE8_1.fuz,SFVoiceKast,SFKast,topic,Neutral,The star struck hard enough to melt the bedrock into glass.,tp_kast_crater_r1
Sound\Voice\StarfallSite.esp\SFVoiceKast\,SFDialogue_SFtp003_00000CE8_2.fuz,SFVoiceKast,SFKast,topic,Happy,Its heart was a crystal that stores energy from nothing. Zero-point energy.,tp_kast_crater_r2
Sound\Voice\StarfallSite.esp\SFVoiceKast\,SFDialogue_SFtp005_00000CEB_1.fuz,SFVoiceKast,SFKast,topic,Neutral,Hale is brilliant and reckless. Rusk is careful and frightened.,tp_kast_staff_r1
Sound\Voice\StarfallSite.esp\SFVoiceKast\,SFDialogue_SFtp005_00000CEB_2.fuz,SFVoiceKast,SFKast,topic,Neutral,"Venn keeps the lights on. The juniors keep me humble, mostly by breaking things.",tp_kast_staff_r2
Sound\Voice\StarfallSite.esp\SFVoiceKast\,SFDialogue_SFtp006_00000CEE_1.fuz,SFVoiceKast,SFKast,topic,Neutral,"Fauna from the Hollow, a neighboring space our experiments brushed against.",tp_kast_creatures_r1
Sound\Voice\StarfallSite.esp\SFVoiceKast\,SFDialogue_SFtp006_00000CEE_2.fuz,SFVoiceKast,SFKast,topic,Neutral,"The parasites are called headcrabs. Unpleasant, but manageable. Mostly.",tp_kast_creatures_r2
Sound\Voice\StarfallSite.esp\SFVoiceKast\,SFDialogue_SFtp007_00000CF1_1.fuz,SFVoiceKast,SFKast,topic,Puzzled,"A province of shouting men, flying lizards, and alarmingly good mead.",tp_kast_skyrim_r1
Sound\Voice\StarfallSite.esp\SFVoiceKast\,SFDialogue_SFtp007_00000CF1_2.fuz,SFVoiceKast,SFKast,topic,Happy,"I admire the Nords. They solve problems with confidence, if not accuracy.",tp_kast_skyrim_r2
Sound\Voice\StarfallSite.esp\SFVoiceKast\,SFDialogue_SFtp008_00000CF4_1.fuz,SFVoiceKast,SFKast,topic,Neutral,A containment fault in Wing B. Regrettable. Resolved.,tp_kast_incident_r1
Sound\Voice\StarfallSite.esp\SFVoiceKast\,SFDialogue_SFtp008_00000CF4_2.fuz,SFVoiceKast,SFKast,topic,Neutral,Let's not dwell on it. Rumor makes a poor scientist.,tp_kast_incident_r2
Sound\Voice\StarfallSite.esp\SFVoiceHale\,SFDialogue_SFtp009_00000CF7_1.fuz,SFVoiceHale,SFHale,topic,Happy,"I run the Test Chamber. Crystals go in, wonders come out.",tp_hale_work_r1
Sound\Voice\StarfallSite.esp\SFVoiceHale\,SFDialogue_SFtp009_00000CF7_2.fuz,SFVoiceHale,SFHale,topic,Neutral,Sometimes sparks come out. Sometimes the wonders come out sideways.,tp_hale_work_r2
Sound\Voice\StarfallSite.esp\SFVoiceHale\,SFDialogue_SFtp011_00000CFB_1.fuz,SFVoiceHale,SFHale,topic,Neutral,The crystal is the heart. Every pull borrows energy from the field.,tp_hale_gun_crystals_r1
Sound\Voice\StarfallSite.esp\SFVoiceHale\,SFDialogue_SFtp011_00000CFB_2.fuz,SFVoiceHale,SFHale,topic,Happy,"Feed it crystals, and it'll love you back.",tp_hale_gun_crystals_r2
Sound\Voice\StarfallSite.esp\SFVoiceHale\,SFDialogue_SFtp012_00000CFD_1.fuz,SFVoiceHale,SFHale,topic,Sad,A junior panicked after Incident Seven and ran off with a prototype.,tp_hale_gun_stolen_r1
Sound\Voice\StarfallSite.esp\SFVoiceHale\,SFDialogue_SFtp012_00000CFD_2.fuz,SFVoiceHale,SFHale,topic,Happy,"Smart kid, honestly. Picked the best one.",tp_hale_gun_stolen_r2
Sound\Voice\StarfallSite.esp\SFVoiceHale\,SFDialogue_SFtp010_00000CFE_1.fuz,SFVoiceHale,SFHale,topic,Happy,"The Zero-Point Field Manipulator. My masterpiece. Pulls, pushes, and hurls like a dancer.",tp_hale_gun_r1
Sound\Voice\StarfallSite.esp\SFVoiceHale\,SFDialogue_SFtp010_00000CFE_2.fuz,SFVoiceHale,SFHale,topic,Happy,Well. A dancer with a very strong grip.,tp_hale_gun_r2
Sound\Voice\StarfallSite.esp\SFVoiceHale\,SFDialogue_SFtp013_00000D01_1.fuz,SFVoiceHale,SFHale,topic,Neutral,"Aurelius is the smartest man I know. Also the most cautious, which is a waste.",tp_hale_kast_r1
Sound\Voice\StarfallSite.esp\SFVoiceHale\,SFDialogue_SFtp013_00000D01_2.fuz,SFVoiceHale,SFHale,topic,Anger,He wants the array at half power. Half! Like eating half a sweetroll.,tp_hale_kast_r2
Sound\Voice\StarfallSite.esp\SFVoiceHale\,SFDialogue_SFtp014_00000D04_1.fuz,SFVoiceHale,SFHale,topic,Neutral,A border world. Ours rubs up against it when the crystals resonate.,tp_hale_hollow_r1
Sound\Voice\StarfallSite.esp\SFVoiceHale\,SFDialogue_SFtp014_00000D04_2.fuz,SFVoiceHale,SFHale,topic,Happy,"Gray light, no wind, and things that think we're dinner. Fascinating place.",tp_hale_hollow_r2
Sound\Voice\StarfallSite.esp\SFVoiceHale\,SFDialogue_SFtp015_00000D07_1.fuz,SFVoiceHale,SFHale,topic,Happy,Love it. Dragons! Actual dragons! Do you know the lift on those wings?,tp_hale_skyrim_r1
Sound\Voice\StarfallSite.esp\SFVoiceHale\,SFDialogue_SFtp015_00000D07_2.fuz,SFVoiceHale,SFHale,topic,Sad,I've been trying to get a dragon scale under the lens for months.,tp_hale_skyrim_r2
Sound\Voice\StarfallSite.esp\SFVoiceRusk\,SFDialogue_SFtp016_00000D0A_1.fuz,SFVoiceRusk,SFRusk,topic,Neutral,"Xenobiology. The parasites from the Hollow, mostly. How they feed, how they bond.",tp_rusk_work_r1
Sound\Voice\StarfallSite.esp\SFVoiceRusk\,SFDialogue_SFtp016_00000D0A_2.fuz,SFVoiceRusk,SFRusk,topic,Sad,I used to find it fascinating. Now I mostly find it in my nightmares.,tp_rusk_work_r2
Sound\Voice\StarfallSite.esp\SFVoiceRusk\,SFDialogue_SFtp018_00000D0E_1.fuz,SFVoiceRusk,SFRusk,topic,Sad,"I've tried. Every time. I'm sorry, the answer is no.",tp_rusk_headcrabs_cure_r1
Sound\Voice\StarfallSite.esp\SFVoiceRusk\,SFDialogue_SFtp019_00000D10_1.fuz,SFVoiceRusk,SFRusk,topic,Neutral,"Aim for the parasite, not the host. And keep your head covered.",tp_rusk_headcrabs_fight_r1
Sound\Voice\StarfallSite.esp\SFVoiceRusk\,SFDialogue_SFtp017_00000D11_1.fuz,SFVoiceRusk,SFRusk,topic,Disgust,They latch onto the head and fuse with the nervous system.,tp_rusk_headcrabs_r1
Sound\Voice\StarfallSite.esp\SFVoiceRusk\,SFDialogue_SFtp017_00000D11_2.fuz,SFVoiceRusk,SFRusk,topic,Fear,"The host keeps walking. Keeps groaning. Whether anyone's still inside, I can't say.",tp_rusk_headcrabs_r2
Sound\Voice\StarfallSite.esp\SFVoiceRusk\,SFDialogue_SFtp020_00000D14_1.fuz,SFVoiceRusk,SFRusk,topic,Neutral,The Director is brilliant. And he keeps secrets the way others keep pets.,tp_rusk_kast_r1
Sound\Voice\StarfallSite.esp\SFVoiceRusk\,SFDialogue_SFtp020_00000D14_2.fuz,SFVoiceRusk,SFRusk,topic,Sad,Carefully. Lovingly. Behind locked doors.,tp_rusk_kast_r2
Sound\Voice\StarfallSite.esp\SFVoiceRusk\,SFDialogue_SFtp021_00000D17_1.fuz,SFVoiceRusk,SFRusk,topic,Fear,I study things that climb into people's skulls. Of course I'm frightened.,tp_rusk_fear_r1
Sound\Voice\StarfallSite.esp\SFVoiceRusk\,SFDialogue_SFtp021_00000D17_2.fuz,SFVoiceRusk,SFRusk,topic,Sad,The only sane people here are the frightened ones.,tp_rusk_fear_r2
Sound\Voice\StarfallSite.esp\SFVoiceRusk\,SFDialogue_SFtp022_00000D1A_1.fuz,SFVoiceRusk,SFRusk,topic,Fear,I can't talk about that. Not here. Not yet.,tp_rusk_wingb_r1
Sound\Voice\StarfallSite.esp\SFVoiceVenn\,SFDialogue_SFtp023_00000D1D_1.fuz,SFVoiceVenn,SFVenn,topic,Neutral,I keep the resonance array from shaking itself apart. And the generators. And the lights.,tp_venn_work_r1
Sound\Voice\StarfallSite.esp\SFVoiceVenn\,SFDialogue_SFtp023_00000D1D_2.fuz,SFVoiceVenn,SFVenn,topic,Anger,"If it works, that's me. If it doesn't, that's also me, apparently.",tp_venn_work_r2
Sound\Voice\StarfallSite.esp\SFVoiceVenn\,SFDialogue_SFtp025_00000D21_1.fuz,SFVoiceVenn,SFVenn,topic,Neutral,"Iron ingots, if you see any. Real tools, if you find a miracle.",tp_venn_tools_help_r1
Sound\Voice\StarfallSite.esp\SFVoiceVenn\,SFDialogue_SFtp024_00000D22_1.fuz,SFVoiceVenn,SFVenn,topic,Anger,This province has a thousand ways to sharpen a sword and zero ways to make a bolt.,tp_venn_tools_r1
Sound\Voice\StarfallSite.esp\SFVoiceVenn\,SFDialogue_SFtp024_00000D22_2.fuz,SFVoiceVenn,SFVenn,topic,Puzzled,I traded a smith a lantern for copper wire. He thinks it's sorcery.,tp_venn_tools_r2
Sound\Voice\StarfallSite.esp\SFVoiceVenn\,SFDialogue_SFtp026_00000D25_1.fuz,SFVoiceVenn,SFVenn,topic,Neutral,Crystals vibrate. We amplify the vibration. Reality gets nervous.,tp_venn_array_r1
Sound\Voice\StarfallSite.esp\SFVoiceVenn\,SFDialogue_SFtp026_00000D25_2.fuz,SFVoiceVenn,SFVenn,topic,Disgust,Push it too far and reality gets more than nervous. That's Hale's favorite part.,tp_venn_array_r2
Sound\Voice\StarfallSite.esp\SFVoiceVenn\,SFDialogue_SFtp027_00000D28_1.fuz,SFVoiceVenn,SFVenn,topic,Anger,Hale plays my generators like a drum. I treat his requests like weather.,tp_venn_hale_r1
Sound\Voice\StarfallSite.esp\SFVoiceVenn\,SFDialogue_SFtp027_00000D28_2.fuz,SFVoiceVenn,SFVenn,topic,Neutral,"Something to complain about, and nothing I can stop.",tp_venn_hale_r2
Sound\Voice\StarfallSite.esp\SFVoiceVenn\,SFDialogue_SFtp028_00000D2B_1.fuz,SFVoiceVenn,SFVenn,topic,Puzzled,A fellow in Whiterun froze a puddle by glaring at it. I've stopped asking questions.,tp_venn_magic_r1
Sound\Voice\StarfallSite.esp\SFVoiceVenn\,SFDialogue_SFtp028_00000D2B_2.fuz,SFVoiceVenn,SFVenn,topic,Anger,And some old court wizard in Windhelm bought our notes. Wuunferth. Built a crystal trap from them.,tp_venn_magic_r2
Sound\Voice\StarfallSite.esp\SFVoiceMoran\,SFDialogue_SFtp029_00000D2E_1.fuz,SFVoiceMoran,SFMoran,topic,Neutral,"Keep the fence up, the creatures out, and the scientists alive. In that order.",tp_moran_job_r1
Sound\Voice\StarfallSite.esp\SFVoiceMoran\,SFDialogue_SFtp029_00000D2E_2.fuz,SFVoiceMoran,SFMoran,topic,Disgust,Some days I'd swap the last two.,tp_moran_job_r2
Sound\Voice\StarfallSite.esp\SFVoiceMoran\,SFDialogue_SFtp030_00000D31_1.fuz,SFVoiceMoran,SFMoran,topic,Neutral,"Good people. Tired people. Nine of them, on a site that needs thirty.",tp_moran_officers_r1
Sound\Voice\StarfallSite.esp\SFVoiceMoran\,SFDialogue_SFtp030_00000D31_2.fuz,SFVoiceMoran,SFMoran,topic,Sad,They didn't sign up for crabs. They signed up for a paycheck and a view.,tp_moran_officers_r2
Sound\Voice\StarfallSite.esp\SFVoiceMoran\,SFDialogue_SFtp032_00000D35_1.fuz,SFVoiceMoran,SFMoran,topic,Neutral,Canisters. The rifts spit them out all over these mountains.,tp_moran_creatures_canisters_r1
Sound\Voice\StarfallSite.esp\SFVoiceMoran\,SFDialogue_SFtp032_00000D35_2.fuz,SFVoiceMoran,SFMoran,topic,Sad,"My people haul them in when they can. Some trips, not everyone comes back.",tp_moran_creatures_canisters_r2
Sound\Voice\StarfallSite.esp\SFVoiceMoran\,SFDialogue_SFtp031_00000D36_1.fuz,SFVoiceMoran,SFMoran,topic,Neutral,Zombies are slow. Crabs are fast. Kill the fast ones first.,tp_moran_creatures_r1
Sound\Voice\StarfallSite.esp\SFVoiceMoran\,SFDialogue_SFtp031_00000D36_2.fuz,SFVoiceMoran,SFMoran,topic,Neutral,And never let one onto your face. That's the whole training.,tp_moran_creatures_r2
Sound\Voice\StarfallSite.esp\SFVoiceMoran\,SFDialogue_SFtp033_00000D39_1.fuz,SFVoiceMoran,SFMoran,topic,Disgust,They're smart. Smart people make the biggest messes.,tp_moran_scientists_r1
Sound\Voice\StarfallSite.esp\SFVoiceMoran\,SFDialogue_SFtp033_00000D39_2.fuz,SFVoiceMoran,SFMoran,topic,Neutral,Rusk is all right. He worries. I trust the ones who worry.,tp_moran_scientists_r2
Sound\Voice\StarfallSite.esp\SFVoiceMoran\,SFDialogue_SFtp034_00000D3C_1.fuz,SFVoiceMoran,SFMoran,topic,Neutral,Not without clearance. And clearance comes from the Director.,tp_moran_armory_r1
Sound\Voice\StarfallSite.esp\SFVoiceMoran\,SFDialogue_SFtp035_00000D3F_1.fuz,SFVoiceMoran,SFMoran,topic,Neutral,You've got clearance. The chest is unlocked. Take what you need.,tp_moran_armory_open_r1
Sound\Voice\StarfallSite.esp\SFVoiceJunior1\,SFDialogue_SFtp036_00000D42_1.fuz,SFVoiceJunior1,SFPell,topic,Sad,Readings. Logs. More readings. And I fetch things for Dr. Hale.,tp_pell_work_r1
Sound\Voice\StarfallSite.esp\SFVoiceJunior1\,SFDialogue_SFtp036_00000D42_2.fuz,SFVoiceJunior1,SFPell,topic,Puzzled,"Sometimes I fetch Dr. Hale, when the fumes knock him over.",tp_pell_work_r2
Sound\Voice\StarfallSite.esp\SFVoiceJunior1\,SFDialogue_SFtp037_00000D45_1.fuz,SFVoiceJunior1,SFPell,topic,Fear,Nervous? Me? I just jump at shadows. The shadows here have teeth.,tp_pell_nervous_r1
Sound\Voice\StarfallSite.esp\SFVoiceJunior1\,SFDialogue_SFtp038_00000D48_1.fuz,SFVoiceJunior1,SFPell,topic,Fear,"Oh. Yes. One of us, a junior like me. Ran toward Riverwood after Incident Seven.",tp_pell_runaway_r1
Sound\Voice\StarfallSite.esp\SFVoiceJunior1\,SFDialogue_SFtp038_00000D48_2.fuz,SFVoiceJunior1,SFPell,topic,Sad,Honestly? Some nights I wish I'd gone too.,tp_pell_runaway_r2
Sound\Voice\StarfallSite.esp\SFVoiceJunior2\,SFDialogue_SFtp039_00000D4B_1.fuz,SFVoiceJunior2,SFHolt,topic,Happy,Senior researcher in a year. Test Chamber in two. Director in five.,tp_holt_plans_r1
Sound\Voice\StarfallSite.esp\SFVoiceJunior2\,SFDialogue_SFtp039_00000D4B_2.fuz,SFVoiceJunior2,SFHolt,topic,Happy,Write that down. You'll want to say you knew me.,tp_holt_plans_r2
Sound\Voice\StarfallSite.esp\SFVoiceJunior2\,SFDialogue_SFtp040_00000D4E_1.fuz,SFVoiceJunior2,SFHolt,topic,Neutral,"Talented. Loud. Overdue for retirement, if you ask me. Nobody asks me.",tp_holt_hale_r1
Sound\Voice\StarfallSite.esp\SFVoiceJunior2\,SFDialogue_SFtp041_00000D51_1.fuz,SFVoiceJunior2,SFHolt,topic,Disgust,Cold. Loud. Everyone thinks a beard counts as a personality.,tp_holt_skyrim_r1
Sound\Voice\StarfallSite.esp\SFVoiceJunior2\,SFDialogue_SFtp041_00000D51_2.fuz,SFVoiceJunior2,SFHolt,topic,Happy,"Though I'll admit, the mead grows on you.",tp_holt_skyrim_r2
Sound\Voice\StarfallSite.esp\SFVoiceJunior3\,SFDialogue_SFtp042_00000D54_1.fuz,SFVoiceJunior3,SFMire,topic,Happy,A saga about a Nord who wrestled a bear to win a bride.,tp_mire_books_r1
Sound\Voice\StarfallSite.esp\SFVoiceJunior3\,SFDialogue_SFtp042_00000D54_2.fuz,SFVoiceJunior3,SFMire,topic,Puzzled,I'm not sure who won. I'm not sure the bear knew either.,tp_mire_books_r2
Sound\Voice\StarfallSite.esp\SFVoiceJunior3\,SFDialogue_SFtp043_00000D57_1.fuz,SFVoiceJunior3,SFMire,topic,Sad,Every day. But Riverwood is kind. People share bread without asking why.,tp_mire_home_r1
Sound\Voice\StarfallSite.esp\SFVoiceJunior3\,SFDialogue_SFtp044_00000D5A_1.fuz,SFVoiceJunior3,SFMire,topic,Neutral,They call it the falling star. Some think we're its priests.,tp_mire_star_r1
Sound\Voice\StarfallSite.esp\SFVoiceJunior3\,SFDialogue_SFtp044_00000D5A_2.fuz,SFVoiceJunior3,SFMire,topic,Happy,A farmer brought us cheese as an offering. We kept the cheese.,tp_mire_star_r2
Sound\Voice\StarfallSite.esp\SFVoiceKast\,SFDialogue_SFtp045_00000D5D_1.fuz,SFVoiceKast,SFKast,topic,Surprise,Well. You've brought back our missing prototype. Hale will be insufferable.,tp_kast_q10_gun_r1
Sound\Voice\StarfallSite.esp\SFVoiceKast\,SFDialogue_SFtp045_00000D5D_2.fuz,SFVoiceKast,SFKast,topic,Neutral,"A junior took it in a panic. How it reached your hands, I won't ask. Yet.",tp_kast_q10_gun_r2
Sound\Voice\StarfallSite.esp\SFVoiceKast\,SFDialogue_SFtp045_00000D5D_3.fuz,SFVoiceKast,SFKast,topic,Neutral,Make yourself useful. Report to Dr. Hale in the Test Chamber.,tp_kast_q10_gun_r3
Sound\Voice\StarfallSite.esp\SFVoiceHale\,SFDialogue_SFtp046_00000D60_1.fuz,SFVoiceHale,SFHale,topic,Happy,Fresh hands! Wonderful. I need energy crystals. Three of them.,tp_hale_q20_ask_r1
Sound\Voice\StarfallSite.esp\SFVoiceHale\,SFDialogue_SFtp046_00000D60_2.fuz,SFVoiceHale,SFHale,topic,Neutral,Embershard Mine near Riverwood is full of them. Bring three back to me.,tp_hale_q20_ask_r2
Sound\Voice\StarfallSite.esp\SFVoiceHale\,SFDialogue_SFtp047_00000D63_1.fuz,SFVoiceHale,SFHale,topic,Happy,Look at them glow! These are perfect.,tp_hale_q20_handin_r1
Sound\Voice\StarfallSite.esp\SFVoiceHale\,SFDialogue_SFtp047_00000D63_2.fuz,SFVoiceHale,SFHale,topic,Neutral,Rusk was asking after you. See him before he chews through his gloves.,tp_hale_q20_handin_r2
Sound\Voice\StarfallSite.esp\SFVoiceHale\,SFDialogue_SFtp048_00000D66_1.fuz,SFVoiceHale,SFHale,topic,Neutral,Always. But trading with outsiders needs Directorate Clearance.,tp_hale_q30_more_r1
Sound\Voice\StarfallSite.esp\SFVoiceHale\,SFDialogue_SFtp048_00000D66_2.fuz,SFVoiceHale,SFHale,topic,Happy,"Get the Director to sign off, and my stock is yours.",tp_hale_q30_more_r2
Sound\Voice\StarfallSite.esp\SFVoiceHale\,SFDialogue_SFtp049_00000D69_1.fuz,SFVoiceHale,SFHale,topic,Happy,"Step right up. Crystals, fresh from the crater.",tp_hale_trade_r1
Sound\Voice\StarfallSite.esp\SFVoiceRusk\,SFDialogue_SFtp050_00000D6C_1.fuz,SFVoiceRusk,SFRusk,topic,Fear,"Yes. Quietly, please. My research journal is in Containment Wing B.",tp_rusk_q30_ask_r1
Sound\Voice\StarfallSite.esp\SFVoiceRusk\,SFDialogue_SFtp050_00000D6C_2.fuz,SFVoiceRusk,SFRusk,topic,Sad,It was sealed during Incident Seven. I need it back. Take my keycard.,tp_rusk_q30_ask_r2
Sound\Voice\StarfallSite.esp\SFVoiceRusk\,SFDialogue_SFtp050_00000D6C_3.fuz,SFVoiceRusk,SFRusk,topic,Fear,Be careful in there. Things may still be moving.,tp_rusk_q30_ask_r3
Sound\Voice\StarfallSite.esp\SFVoiceRusk\,SFDialogue_SFtp051_00000D6F_1.fuz,SFVoiceRusk,SFRusk,topic,Neutral,"Down the east stairs, past the decontamination showers. The journal is in my old office.",tp_rusk_q30_remind_r1
Sound\Voice\StarfallSite.esp\SFVoiceRusk\,SFDialogue_SFtp051_00000D6F_2.fuz,SFVoiceRusk,SFRusk,topic,Fear,And don't let the Director see you go.,tp_rusk_q30_remind_r2
Sound\Voice\StarfallSite.esp\SFVoiceRusk\,SFDialogue_SFtp053_00000D73_1.fuz,SFVoiceRusk,SFRusk,topic,Sad,Four researchers and two officers. They knocked on that door for hours.,tp_rusk_q40_who_r1
Sound\Voice\StarfallSite.esp\SFVoiceRusk\,SFDialogue_SFtp054_00000D75_1.fuz,SFVoiceRusk,SFRusk,topic,Neutral,Because you're not one of us. Kast can't silence you with a transfer.,tp_rusk_q40_why_r1
Sound\Voice\StarfallSite.esp\SFVoiceRusk\,SFDialogue_SFtp054_00000D75_2.fuz,SFVoiceRusk,SFRusk,topic,Anger,Go to him. Make him say it out loud.,tp_rusk_q40_why_r2
Sound\Voice\StarfallSite.esp\SFVoiceRusk\,SFDialogue_SFtp052_00000D76_1.fuz,SFVoiceRusk,SFRusk,topic,Sad,You found it. Thank you. Now you should know what's in it.,tp_rusk_q40_handin_r1
Sound\Voice\StarfallSite.esp\SFVoiceRusk\,SFDialogue_SFtp052_00000D76_2.fuz,SFVoiceRusk,SFRusk,topic,Anger,Kast ordered Wing B sealed during Incident Seven. Our people were still inside.,tp_rusk_q40_handin_r2
Sound\Voice\StarfallSite.esp\SFVoiceRusk\,SFDialogue_SFtp052_00000D76_3.fuz,SFVoiceRusk,SFRusk,topic,Sad,Then he buried the report. I signed the false roster. Now you know.,tp_rusk_q40_handin_r3
Sound\Voice\StarfallSite.esp\SFVoiceKast\,SFDialogue_SFtp056_00000D7A_1.fuz,SFVoiceKast,SFKast,topic,Sad,Perhaps it is. I'll carry it either way.,tp_kast_q40_condemn_r1
Sound\Voice\StarfallSite.esp\SFVoiceKast\,SFDialogue_SFtp056_00000D7A_2.fuz,SFVoiceKast,SFKast,topic,Neutral,"But you've earned the truth, and something more. You now hold Directorate Clearance.",tp_kast_q40_condemn_r2
Sound\Voice\StarfallSite.esp\SFVoiceKast\,SFDialogue_SFtp056_00000D7A_3.fuz,SFVoiceKast,SFKast,topic,Neutral,"Hale will trade with you, and Moran will open the armory. Use them better than I did.",tp_kast_q40_condemn_r3
Sound\Voice\StarfallSite.esp\SFVoiceKast\,SFDialogue_SFtp057_00000D7C_1.fuz,SFVoiceKast,SFKast,topic,Surprise,Understanding. I hadn't expected that from anyone.,tp_kast_q40_accept_r1
Sound\Voice\StarfallSite.esp\SFVoiceKast\,SFDialogue_SFtp057_00000D7C_2.fuz,SFVoiceKast,SFKast,topic,Neutral,Then take this as thanks. You now hold Directorate Clearance.,tp_kast_q40_accept_r2
Sound\Voice\StarfallSite.esp\SFVoiceKast\,SFDialogue_SFtp057_00000D7C_3.fuz,SFVoiceKast,SFKast,topic,Neutral,Hale's stock and Moran's armory are open to you. Keep this site honest. I couldn't.,tp_kast_q40_accept_r3
Sound\Voice\StarfallSite.esp\SFVoiceKast\,SFDialogue_SFtp055_00000D7D_1.fuz,SFVoiceKast,SFKast,topic,Neutral,So he finally found his courage. Good for him.,tp_kast_q40_confront_r1
Sound\Voice\StarfallSite.esp\SFVoiceKast\,SFDialogue_SFtp055_00000D7D_2.fuz,SFVoiceKast,SFKast,topic,Sad,Yes. I sealed Wing B. The hosts were at the door. Seconds mattered.,tp_kast_q40_confront_r2
Sound\Voice\StarfallSite.esp\SFVoiceKast\,SFDialogue_SFtp055_00000D7D_3.fuz,SFVoiceKast,SFKast,topic,Neutral,"Six lives against the whole site, and perhaps Riverwood. I chose. Now you judge.",tp_kast_q40_confront_r3
